{"text":"1. Qd2, d6 2. Bh6 dxe5 3. Bxg7 Kxg7 4. dxe5 Qd7 5. Ne4 Nd5 6. Bc4 Rd8 7. Bxd5 exd5 8. Nf6 Qe6 9. Qg5 Bc8 (to prevent Ng5) 10. Re1 Qf5 11. Qh4 h6 12. Nd4 Nxd4 13. Qxd4 c5 14. Qd2 d5 15. f4 c4 16. g4 Qe6 17. f5 Qc6 18. Re4 Bb7 19. Re3 Qc5 20. Qxh6+ Kxh6 21. Rh3+ followed by Rh7+ or Nh7+. ","label":1}
{"text":"The White B, which is so effective in taking advantage of weaknesses at Black's f6 and h6, has been exchanged. ","label":3}
{"text":"After l3. ... dxc5, however, there follows 14. Kxc5. Then White covers his passed pawn with d4, and his King, having full freedom, captures all the Black pawns. ","label":2}
{"text":"5. hxg5 fxg5 6. Kg2 Kf5 7. Kh2 Kf6 ","label":1}
{"text":"For: 2. d4 threatens to take the King's Pawn. ","label":2}
{"text":"He can only attack the pawn from g7 or g8, both of which are inaccessible as the Black King gets to g8. ","label":3}
{"text":"Black's intention of exerting pressure on the e Pawn is now difficult of execution, because his pieces are very cramped and hinder one another in a restricted area. ","label":0}
{"text":"White will assail the Black King's position on the Queen side, and Black is unable to concentrate his forces quickly enough for the defence of the jeopardised entrenchments. ","label":2}
{"text":"If 3. ... Ng5 4. Bf6+ the Knight is lost, or alternatively the pawn queens. ","label":3}
{"text":"Whilst the two White passed pawns are isolated and fall singly, Black obtains two passed pawns, which are united and unassailable. ","label":0}
{"text":"The exchange on the seventh move is compulsory, because the loss of a pawn after Bxc6 is in effect threatened, now that the White e Pawn is supported by the Rook. ","label":2}
{"text":"After 7. Bb3 d6 (Diagram 22) White cannot yet execute the manoeuvre which underlies the whole tendency of the Ruy Lopez, namely d4 maintaining the pressure in the centre, because after Nxd4 9. Nxd4 exd4 10. Qxd4 White loses a piece through 10. ... c4 etc. ","label":0}
{"text":"After 5. cxd5 exd5 the third of the typical main positions in the Queen's gambit ensues, and is given in Diagram 39. ","label":1}
{"text":"And this pressure threatens to be reinforced by Bg4. ","label":2}
{"text":"10. Nxb5 cxb5 11. Bxb5+ Nd7 12. O-O-O Rd8 ","label":1}
{"text":"The sequel might be: 10. d4 Bxe4 {if exd4 11. e5! dxe5 12. Rg1 etc.} 11. c3 Bb6 12. Rd1 Kh8 13. Rg1 Qe7 14. Rd3 Rg8 15. Rh3 Rg7 {Nxh4 16. Qxh7+!} 16. Rf3 followed by Bxd4 (B6). ","label":1}
{"text":"Therefore I can play e5, provided the six units captured at e5 are not of greater value than the six white units which are recaptured. ","label":1}
{"text":"If White plays e3 we get the position mentioned in connection with Diagram 35. ","label":1}
{"text":"Black, however, must try to round off his pawn position on the Queen's side, by moving his c Pawn into line. ","label":2}
{"text":"3. Nc3 Nf6 4. Bg5 Be7 5. e5 Nd7 6. Bxe7 Qxe7 White has now the choice of two lines of development. ","label":1}
{"text":"7. ... Re8 8. Qb3 ","label":1}
{"text":"Here White can only win in the following manner: 1. b4+ axb4+ 2. Kb3, K any; 3. Kxb4 and wins. ","label":2}
{"text":"Black's pawns at e5 and c5 then exert a pressure on White's d5. ","label":2}
{"text":"It may be mentioned here that after 2. ... Nc6 3. d5 would be a useless move, as to begin with it would be inconsequent, since d4 was played in order to clear the centre, and moreover it would block up a diagonal which could be most useful to the King's Bishop. ","label":0}
{"text":"But White can, by a simple sacrifice, bring the slumbering R at a1 into sudden action: 1. ... Nxe4 2. Re1 Bf5 3. Nc3 Nd6 4. Rxe4 Nxe4 5. Re1 and White wins two pieces for his Rook. ","label":2}
{"text":"Considerations of a similar nature would tend to show that 1. Bg5 Ne2 2. Bxf6 gxf6 is in favour of Black. ","label":2}
{"text":"These considerations make the following moves clear: 5. Re1 c5 6. h3 a further awkward necessity in positions of this kind. ","label":1}
{"text":"White, on the other hand, can bring out his B before playing e3, in this way: 2. c4 e6 3. Nc3 Nf6 4. Bg5 and the game might proceed as follows: 4. ... Nd7. (Diagram 38.) ","label":2}
{"text":"This manoeuvre is, however, ill-advised, as Black is forced to exchange the Bishop for the Knight. ","label":0}
{"text":"1. Ke4 Kd6 2. Kf5 Kd7 3. Ke5 Kc6 4. Ke6 Kc7 5. Kd5 Kb6 6. Kd6 and so on (compare Diagram 57). ","label":1}
{"text":"To make the capture effective, however, White must first protect his own King's Pawn, which would otherwise be lost after 4. Bxc6 bxc6 5. Nxe5 Qd4!. ","label":3}
{"text":"An opening in which a pawn sacrifice is offered, is called a \"gambit\"; 2. f4 is therefore a gambit. ","label":1}
{"text":"Qb6 7. O-O Qa6 or Qb5 ","label":1}
{"text":"Protecting the pawn with the Queen would also block other pieces, and Nd7 cannot be good, as it blocks the Queen's Bishop. ","label":0}
{"text":"19. Nb2 Bf5 20. a4 Kd7 21. a5 a6 ","label":1}
{"text":"27. h3 Kb8 ","label":1}
{"text":"3. Bb5 a6 4. Ba4 Nf6 5. O-O Nxe4 6. d4 b5 7. Bb3 d5 8. dxe5 Be6 9. c3. Now Black's pieces are more mobile, and that is the reason why this system of defence is becoming more popular than any other. ","label":2}
{"text":"In the position given, White could only win by keeping his passed pawn, and indeed it is possible to win by gaining a move with the Bishop. ","label":2}
{"text":"f6, of course, is impossible, as it is not a developing move, and moreover blocks the natural development of the King's Knight. ","label":0}
{"text":"After 4. exd5 Qxd5 Black's position is at least as easy of development as White's. ","label":1}
{"text":"A different pawn formation is the result if White enforces the exchange of Black's centre pawn at once. ","label":2}
{"text":"In the diagram, however, White wins through 1. Kc5 Black cannot then hold the pawn at c6. ","label":2}
{"text":"The correct move in this variation is consequently 6. Bf4, and a possible continuation would be: Nf6; 7. e3, Be6; 8. Rc1 or Bb5 or Bd3. ","label":2}
{"text":"The King is driven into the corner in this way: the Knight cuts him off such squares as the Bishop does not command. ","label":3}
{"text":"It is Black's move, and we will suppose he wishes to play e5. ","label":1}
{"text":"In the second, where the K must make room for the B, White must decide at once between Bf4 or g5, and only f4 can be seriously considered on account of 6. Bg5 Be7 7. Bxe7 Nxe7 which only furthers Black's development. ","label":3}
{"text":"Black with the move could not play Kf7 because Kd6 would follow. ","label":0}
{"text":"on the f file, and also the g or h file; here, as we shall see, an occasion may arise for storming the opposing King's side by a pawn attack. ","label":3}
{"text":"Moreover, the Knight at d7 supports the projected c5. ","label":2}
{"text":"1. Kd4 Ke7 2. Ke5 ","label":1}
{"text":"2. ... Nc6 is also bad, since after 3. dxe5 Nxe5 4. f4 White drives the Knight away, gaining a strong hold on the centre, and Black has no compensation for giving up his centre pawn. ","label":0}
{"text":"6. Re1 White covers his pawn, and thereby threatens to win a pawn by Bxc6. ","label":2}
{"text":"Therefore Black endeavours to sacrifice a pawn in order to exchange the two others, after which a draw could be forced by exchanging the Knight for the remaining White pawn. ","label":3}
{"text":"After ten moves, Black only gets his pawn to c3. ","label":1}
{"text":"19. a4 g6 20. Bf3 Ra2 21. Bd1 Bd5 22. Re2 Ra1 23. Rd2 Ra3 24. Rc2 Rxh3. Now at last Black has obtained material gain, which was made possible by his command of the open N file. ","label":2}
{"text":"The other possibility is the following: in view of the fact that 1. ... f5 does absolutely nothing to aid development, White can initiate a violent attack by giving up his King's Pawn (e4) and thus accelerate his own development. ","label":0}
{"text":"Taking it all in all, we see from the foregoing that the pinning of the Black Knight can only be injurious to Black if he does not take timely measures to provide against White's Nd5, which threatens to concentrate more forces for the attack on f6 than Black is able to mobilise for its defence. ","label":3}
{"text":"Therefore he can only win by gaining the Knight's Pawn, that is, by bringing his King to c5. ","label":2}
{"text":"After 3. Bb5 Nc6 4. O-O Nxe4 5. Re1 Black gets out of it comfortably by playing Nd6, Be7 and O-O and White cannot permanently prevent Black's game from being freed by the advance of the d Pawn. d4 for White on the fifth move is therefore stronger. ","label":2}
{"text":"To play b3 before castling is very dangerous, because Black can play cxd4 and pin the White QKt with Bb4 forcing Bd2 when Bb2 was the move intended, ","label":0}
{"text":"Now after 4. Ke6 he keeps the opposition himself with Ke8 and after 5. d7+ Kd8 6. Kd6 he is stalemated, or else wins the pawn if White plays differently on his sixth move. ","label":2}
{"text":"But Black is well advised to wait until White has moved the King's Bishop before taking the pawn on his c5. ","label":3}
{"text":"It might be more clear to put it in this way: with Pc6 White wins the opposition, in that he brings about a position with Black to move. ","label":2}
{"text":"Black with the move wins similarly with Ka4. ","label":2}
{"text":"After 1. Ke5 Black cannot avoid the loss of the game, e.g. Ka6 2. Kd5 Kb6 3. Kd6 and so on. ","label":0}
{"text":"The advance of the c P strikes at the opposing centre, and, that being of paramount importance, the Queen's Knight must not be developed at c3 before the cP has been pushed on. ","label":3}
{"text":"position--White: (K, h6), (R, h4) Black: (K, h8), (N, e7) 1. Re4 Ng8+ 2. Kg6 and wins. ","label":2}
{"text":"Doubled pawns are a drawback, even when not isolated, should there be no way of obtaining a passed pawn by exchanging them against a smaller number of single pawns. ","label":0}
{"text":"He must have lost two moves, for he has still to capture the c Pawn and then, being White, it should be his move. ","label":2}
{"text":"6. ... c4 7. Re3 Rb1+ 8. Rxb1 Rxb1+ 9. Kh2 f5 10. Bf3 Kf7 11. Be2 {threatening Rc6}, Rb7 12. Rc3 Kf6 {now Bxh3 is not feasible on account of Rc2} 13. f4. White wishes to keep the Black King from his d5 but cannot do so permanently. ","label":3}
{"text":"Therefore Black must not delay playing 6. ... b5. After 7. Bb3 d6 (Diagram 22) White cannot yet execute the manoeuvre which underlies the whole tendency of the Ruy Lopez, namely d4, maintaining the pressure in the centre, because after Nxd4 9. Nxd4 exd4 10. Qxd4? White loses a piece through 10. ... c4 etc. ","label":3}
{"text":"Here the pawn positions on both sides are broken, and the player that occupies the open files first, gets a decisive advantage. ","label":0}
{"text":"White starts by tempting the pawns forward and thus systematically creates points of attack. ","label":2}
{"text":"Now neither gxh4 nor f4 is of any use. ","label":0}
{"text":"Now White could win by playing Bxf6 and Bxd7+, but he prefers to end up with a magnificent sacrifice. ","label":2}
{"text":"Therefore, when the Bishop checked on the previous move and drove the King away, the King had the option of two black squares, and had no need to go into the corner one. ","label":2}
{"text":"After 1. f5 there is no possible chance for White to assume the command of the Black squares, and in order to advance the pawns it is necessary to force access to both White and Black squares. ","label":3}
{"text":"If Black has the move he can only draw, because the White Bishop's pawn is covered even though Black gains the square at d4. ","label":2}
{"text":"Here a peculiar mating threat, which occurs not infrequently in practical play, keeps the Black Queen tied to her f7 and unavailable for the protection of the B at c8. ","label":3}
{"text":"The plan would be as follows: White threatens Black's Knight for the third time with Ne4, and Black must reply Nd7, because covering with Re6 would cost the \"exchange,\" as will appear from a comparison of the value of the pieces concerned. ","label":3}
{"text":"These considerations point to the conclusion that after 2. c4 there is no inducement for Black to take the pawn. ","label":2}
{"text":"He cannot play Nd7 at once, since his Knight's Pawn would again be unprotected; therefore he plays the move in the text, probably thinking that now White also must lose a move to withdraw his Bishop. ","label":0}
{"text":"On the text move White also pushes the Rook's pawn on to compel h3 and reduce Black to moves by the King. ","label":2}
{"text":"One is to turn the opening into an ordinary Queen's gambit by playing e3 on which Black can play d5. ","label":1}
{"text":"Black now cannot exchange, of course, otherwise the position would resolve itself to an easy end game win similar to the one in Diagram 56. ","label":0}
{"text":"Finally Black's b8 is unfavourably placed, obstructing as it does the c7 and preventing its falling into line with its fellows. ","label":0}
{"text":"On the other hand, it cannot be denied that Black's pawn formation on the d side is weak, and that his centre is less secure. ","label":0}
{"text":"The former move prepares d3 followed by e4 ","label":1}
{"text":"Yet beginners frequently infringe this obvious rule, and I have often witnessed manoeuvres such as these (Diagram 90): 1. a3 2. b4 and then, after the B has retired to his b3 even, 3. Rb1 4. a4 5. a5. Meanwhile Black will have played a6 to make a loophole for his B at a7 and what is the result? ","label":3}
{"text":"4. d4 c5 ","label":1}
{"text":"The position in the diagram therefore leads to the following variations: A. 9. ... Be7 10. Re1 O-O 11. Nd2 Nc5 12. Bc2 Bg4. ","label":1}
{"text":"After 4. ... Kd8 5. d7 Black is forced to allow the White King to move to e7, covering the queening square; 5. ... Kf7 6. Ke7 any; 7. Pd8=q. ","label":3}
{"text":"For instance, the Rook can be posted at a5 and prevent the Black King from attacking White's King's side pawns, whilst the White King makes for the R at h7 and effects its capture. ","label":2}
{"text":"It may easily lead to the loss of a game, as the mobility of the King or a piece is reduced by having to protect the pawn (compare End-game, p. 102). ","label":0}
{"text":"Having the move, Black would draw the game by: 1. ... Rd2+ 2. Kh3 Ra2. By placing his Rook behind the passed pawn he condemns the opposing Rook to inactivity, whilst his own is free to move on the Rook's file. ","label":2}
{"text":"To be considered are the moves Bc5 Be7 and nc5. Be7 is preferred nowadays to Bc5 as c5 should be kept free for the N in case the latter is driven from his dominating position, e.g. 10. Re1 and 11. Nd2. ","label":2}
{"text":"But if doubled pawns can be supported by a pawn on the next file they need not by any means be at a disadvantage against three united single pawns on the opposite side. ","label":2}
{"text":"The latter move prevents the exchange of the B after Black's Na5 an exchange which would allow Black to round up his pawn formation with c5. ","label":3}
{"text":"This is possible in positions such as that in Diagram 53, where the stronger King is not more than one rank ahead of his pawn, and the weaker King can assume the opposition. ","label":1}
{"text":"This move would win the game, if the Rooks had been exchanged, because in that case the distant passed pawn which Black could obtain on the b file would decide the issue. ","label":3}
{"text":"I shall first turn my attention to those games in which White plays e5 starting with the French Defence, after which the Caro-Kann Defence will be easily understood. ","label":1}
{"text":"The passed Queen's pawn decides the game. ","label":1}
{"text":"In order to develop other pieces as well, it is necessary to move pawns first, and such pawn moves will be best as give an outlet to as many pieces as possible. ","label":2}
{"text":"Therefore Black is more likely to play 2. e6. Not 2. ... Nf6; for after 3. cxd5, Nxd5; 4. e4 would open White's game and drive the Knight away at once, gaining a move. ","label":2}
{"text":"White has just played qf4 . f5 is threatened, and Black is forced to exchange Queens. ","label":3}
{"text":"position--White: (K, e6), (R, e5) Black: (K, e8), (N, a7) 1. Rc5 Kd8 2. Kd6 Nc8+ 3. Kc6 Ne7+ draw. ","label":1}
{"text":"White's d4 the basis of his centre, is entirely in his hands, whilst Black's d5 is exposed to a steady pressure by the White pieces. ","label":3}
{"text":"The position in Diagram 75 is a draw, because it is impossible for the White King to get round his Knight pawn to drive off the Bishop. ","label":1}
{"text":"2. Nf3 c5 3. e3 Nc6 4. Bd3 Nf6 5. b3 e6 6. Bb2 Bd6 7. Nd2 cxd4 8. exd4 O-O White can now settle his Knight at e5 and initiate a violent King's side attack after castling, by f4 Qf3 which could be continued with g4, Kh1, Rg1, and so on. ","label":2}
{"text":"11. Nd4 Ne6 12. Be3 Nxd4 13. Bxd4 f5 14. Be3 d5 15. exd6 Bxd6. ","label":1}
{"text":"1. Kg6 Kc8 2. Kf6 Ke8 3. Ke6 Kd8 4. Kd6 Kc8 5. c5 Kd8. We see: Black has just assumed the opposition, but the pawn has not yet crossed to his sixth square, and White, by playing c6, again forces Black to give up the opposition. ","label":3}
{"text":"Any other way would allow Black to assume the opposition and to force the draw, e.g. 1. Kc2 Kc6{!} 2. Kd3 Kd5 etc. ","label":2}
{"text":"After that the Q in conjunction with one of the Knights will attempt to force an entry at f3 or h3, as for instance in the following, the moves of which are taken from a game I once watched and took note of as being most instructive. ","label":2}
{"text":"\" White draws with 1. Nd2 f2 2. Ne4+ Kg2 3. Nxf2 and draws, as Black, in order to capture the White pawn, after Kxf2 must give the White King access to the Rook's square, from which he could not be dislodged except by a Bishop on White squares. ","label":3}
{"text":"For, as I have already remarked, the objection to developing Black's Queen's Bishop lies in White's threat to attack Black's b Pawn with Qb3. ","label":3}
{"text":"1. ... Bh7 2. h4 Bg6 3. Bc2 h5. (After Bh7 White would command the square at b6 through Pa5) 4. Bd3 Bh7 5. Bf1 and Black resigns, for White threatens to establish his Bishop at f3 where the pawns at d5 and h5 are both attacked, whilst the Black Bishop is at once forced to occupy the only square from which both pawns are covered, namely f7. ","label":3}
{"text":"I. 1. Bg5 Bg4 2. Nd5 Nd4 3. Qd2 Bxf3 4. Bxf6 gxf6 5. Qh6 ","label":1}
{"text":"Meanwhile Black gains time for concentrating his forces for an attack which wins the Queen's Pawn. ","label":2}
{"text":"8. Nc3 White rightly disdains the gain of the Knight's Pawn, but prevents the exchange of Queens in developing a piece. ","label":2}
{"text":"For instance, in Diagram 63, White, having the move, wins because his King gets first into the centre of the board. ","label":2}
{"text":"Diagram 18 shows the position which results from the following plausible moves: 2. f4 Bc5 3. Nf3 d6 4. Bc4 Nf6 5. d3 Nc6 6. Nc3 Bg4 ","label":1}
{"text":"I have already pointed out that White would not mind his e Pawn being taken, in view of the attack on the open King's file. ","label":3}
{"text":"Meanwhile White has gained a big start, and is ready to occupy the open file with his Rooks. ","label":2}
{"text":"He has opened up avenues of attack on the Queen's side, and is ready to utilise the weakness of Black's c Pawn by playing b4 on which Black must submit to opening the file for the White Rook or the diagonal for the White Bishop. ","label":2}
{"text":"Since it seems impossible to protect the King's Pawn, the only alternative would be to exchange it; indeed it is on the whole the best course, although it allows a White piece to take up a dominating position in the centre. ","label":2}
{"text":"3. cxd5 Bxb1 4. Rxb1 Qxd5 Black's Queen cannot easily be driven away from her commanding position, particularly as White must lose a move to save his a Pawn. ","label":3}
{"text":"If now Black wishes to answer the threat of Kc4 b5 and plays Ke7 White answers 3. Ke3 as before. ","label":3}
{"text":"In Diagram 10, the point of attack, namely, the Black Knight at f6, can be supported by as many Black units as White can bring up for the attack, but the defensive efficiency of one of Black's pieces is illusory, because it can be taken by a White piece. ","label":3}
{"text":"For instance, in the King's gambit, since the move 2. f4 does not threaten exf4, Black can reply at once by 2. ... d5 (Falkbeer Counter Gambit). ","label":2}
{"text":"But White can prevent this by simply playing Nf6. ","label":2}
{"text":"The last winning chance would have been: 10. Kd4 Nd3 11. Kc3 ","label":2}
{"text":"In no case should Black forfeit his chance of playing d5. ","label":2}
{"text":"On the other hand, it cannot be denied that Black's B formation on the d side is weak, and that his centre is less secure. ","label":0}
{"text":"The doubled pawn, which White could force by exchanging the Bishops, is in no way detrimental to Black's game. ","label":1}
{"text":"h3 was indicated; it threatens the break-up of the Black pawns by g4 and their capture by the King. ","label":2}
{"text":"After 2. d4 d5 we attain the positions set out in the Diagrams 27 and 28, to which we must devote a good deal of attention. ","label":1}
{"text":"Furthermore, Black has relinquished the square d5 and made e5 the basis of operations. ","label":1}
{"text":"His entry on the seventh can only achieve something if White's c Pawn can be deprived of its support. ","label":2}
{"text":"White needs ten moves in order to queen on the King's side, namely, five to capture the Black King's side pawns (Ke4, f5, g6, h6, g5), one to free the way for his pawn, and four moves with the pawn. ","label":3}
{"text":"Let us now consider the openings in which the first move is 1. d4 on either side. ","label":1}
{"text":"It is tempting after 2. d4 exd4 3. Nf3 to cover the pawn at d5 by c4, but in that case White would sacrifice a pawn by c3, by this means opening the Queen's file for himself, and so preventing Black from ever playing d5. ","label":2}
{"text":"We see here how the King's position can be counterbalanced by the weakness of a pawn, and lead to a draw. ","label":0}
{"text":"Therefore, if in the above example the Black King was standing at d4, Black would win as follows: 1. ... Qe8+ 2. Kb7 Qe7+ 3. Kb8 Kc4 4. a8 = Q Kb3. ","label":2}
{"text":"In answer to 4. fxe5 on the other hand, Black can play Nxe4 without having the slightest difficulty with his development. ","label":2}
{"text":"He can either prepare for c3 to support his P. ","label":2}
{"text":"Thus we will not easily give up a centre pawn unless we can obtain some other advantage in doing so. ","label":1}
{"text":"No fault can be found with this move, although it blocks the Bishop, since the latter can only be developed effectively at c2. ","label":1}
{"text":"Just one example: If Black plays 1. ... c4 (Sicilian defence), White will not play his King's Bishop to c4 because Black can reply e6 and gain a move by d5. ","label":0}
{"text":"It will be more advisable to prevent Black from playing e5 as far as this can be achieved in conformity with a logical development, e.g. 1. d4 Nf6 2. Nf3. Not 2. Nc3 because Black could then lead into the Queen's gambit by playing d5 and c5 after which White has the disadvantage of not being able to open the c file. ","label":2}
{"text":"The text move is forced, as a6 would give White yet another passed pawn. ","label":2}
{"text":"1. Ke3 Kd7 2. Kf4 Ke7 3. Kg5 Kf7 4. Kh6 Kg8 5. f4 Kh8 6. f5 gxf5 7. Kg5 Kg7 8. Kxf5 Kf7. Black has now the opposition but cannot maintain it, having no pawn moves available. ","label":3}
{"text":"But in view of the fact that Black's game is wholly undeveloped, and that he plays practically several pieces down, White sacrifices his Knight for two pawns: he foresees the position which occurs a few moves later, when Black is hemmed in on all sides. ","label":2}
{"text":"The \"exchange\" is, however, lost for Black on the next move, because White's further attack on the Knight by Qf3 forces the Rook to defend on e6, where it gets into the diagonal of the Bishop, which at present is masked by White's Knight. ","label":0}
{"text":"In end-games of BISHOP V. BISHOP, of which we have already had an example in Diagram 70, an extra pawn wins in most cases if the Bishops are of the same colour. ","label":2}
{"text":"White would be unable to circumvent this or to attack the pawns. ","label":0}
{"text":"For after exchanging his Bishop for the Knight, which otherwise would drive his Queen away, Black brings the latter into a dominating square in the centre. ","label":3}
{"text":"In both cases White has an easy development, whilst Black has no convenient square for his Queen's Bishop. ","label":0}
{"text":"and there is no reply to the threat of Nxf6+ and Qxh7 mate, except through the sacrifice of the Q. ","label":2}
{"text":"Yet he can retaliate, not by making the simplest and most obvious developing moves, as mentioned before, but in the following way: If White plays 5. b3 before castling, Black exchanges pawns and checks with the Queen. ","label":2}
{"text":"If Black wishes to obviate the threat: Ne4 or Nf5 and plays b5 the White King goes to c5 and wins all the pawns easily. ","label":0}
{"text":"Forcing the exchange of Knights is of no avail, for after 5. ... Ne2+ 6. Kh1 Bxg2+ 7. Kxg2 Nf4+ 8. Nxf4 exf4 9. Kh1 White occupies the g file first and wins easily: 9. ... Kh8 10. Rg1 Rg8 11. Rxg8 Qxg8 12. Rg1 followed by mate or loss of the Queen. ","label":2}
{"text":"The King's moves are outlined by the necessity of capturing the opposing passed pawn, after which the Black King is two files nearer the battle-field (the Queen's side), so that the White pawns must fall. ","label":2}
{"text":"1. f3 Kf5 2. Kf2 h5 3. Kg2 g5 4. Kh3 Ke5 ","label":1}
{"text":"2. Ke2 Ke6 3. Rf4 Rf8 Black naturally dare not allow the Rook to penetrate into the seventh. ","label":3}
{"text":"After 3. exd5 e4 (to permit of Nf3, which at present is not feasible on account of 4. exd3) 4. d3 exd3 5. Qxd3 White is a pawn ahead, but his Queen obstructs his Bishop therefore Black has better developing chances and should be able to win the pawn back at the very least. ","label":3}
{"text":"The King moves up to the pawn, the progress of which is barred by the Bishop (not the King). ","label":3}
{"text":"He could not have remained on the first rank at the outset either, for after 1. ... Kd8 White advances through a square, to which Black cannot assume the opposition, namely, 2. Kc3. ","label":2}
{"text":"9. ... Nc5 10. Nd2 d4 (Capablanca-Em. ","label":1}
{"text":"The Bishop in particular cannot be brought into action without great difficulty, for instance by: Re8 Bf8 g6 and Bg7. ","label":0}
{"text":"If he wishes to bring out his B first, he must anticipate Black's threat by cxd4. ","label":3}
{"text":"Therefore Black will effect a timely exchange of one of his Rooks, after which his King alone will hold the e file. ","label":1}
{"text":"1. Qa6 leads to nothing, as Rc7+ follows, and after 2. Kb6 Black forces a stalemate with Rc3+. ","label":0}
{"text":"After 30. h4 Black would play h6, and it is not evident how White is to win. ","label":2}
{"text":"It is impossible to force a mate with the KING AND TWO KNIGHTs. ","label":0}
{"text":"It seems best to play 5. ... e3 which calls back the White B and leaves White's P as a hindrance to the development of the N. ","label":2}
{"text":"There are two moves which deserve consideration as a preliminary to d4 namely, 1. ... e6 (French Defence) and c6 (Caro-Kann defence). ","label":1}
{"text":"Instead of 4. e3 White should play g3 and develop his B at g2. ","label":2}
{"text":"The a Pawn and c Pawn, however, are very weak for the end-game, as they are quite out of reach of the King (compare Game No. 19). ","label":0}
{"text":"Finally Black's Knight is unfavourably placed, obstructing as it does the c Pawn and preventing its falling into line with its fellows. ","label":0}
{"text":"If fxg4 10. Rf6+ Ke7 11. Rh6 wins. ","label":2}
{"text":"White does not command his e4, and for some time to come he will be unable to advance the K pawn beyond e3. ","label":0}
{"text":"In the position set out in Diagram 19, White cannot play e5, because Black wins a pawn by dxc3 without hindering his own development in the least. ","label":0}
{"text":"Black has an extra pawn on the Queen's side. ","label":1}
{"text":"Another possible subtlety in Black's sequence of developing moves would be to withhold the advance of his e Pawn until White has played b3, and then to play the Bishop to g5. ","label":0}
{"text":"A certain compensation lies in the fact that White's attacking King's Bishop has been exchanged. ","label":3}
{"text":"There are two essentially different lines, according to whether Black interpolates h6 or not. ","label":1}
{"text":"There only remains the N and the Q for an immediate attack, whilst the Black Rook will soon get into effective action on the open Knight's file, e.g. 5. Qd2 Kh8 6. Qh6 Ng6 7. Nh4 Nxh4 8. Qxh4 Qe7 followed by the doubling of the Rooks on the g file. ","label":3}
{"text":"When the pawns are united, one should observe this rule: if they are attacked, they should, if possible, move to squares of the colour of the opposing Bishop. ","label":3}
{"text":"If White wishes to castle on the K side, which must have been his intention when playing 2. f4 he will have to play Na4 and Nxc5. ","label":2}
{"text":"For instance, in Diagram 64, if Black had a pawn at b6 instead of a7, White would have no winning chances. ","label":2}
{"text":"If then the Rook moves away from the King, it gets lost after a few checks, or if Black's King plays to c8, the Rook is equally lost through Qa6. ","label":0}
{"text":"In Diagram 9, if Black plays d4, he must first have probed the position in the following way. ","label":3}
{"text":"Before bringing the discussion of the Queen's Pawn opening to a close, I may remark that in tournaments it has become usual for White not to play c4 at once, but to play Nf3 as a preliminary, in order to avoid the complications of the Queen's counter gambit: ","label":3}
{"text":"Black must capture, as he needs seven moves in which to exchange the Knight's pawn and queen his Rook's pawn, whilst in that time White can win the d Pawn after dxc5, and yet arrive in time with his King to stop the pawn from queening. ","label":2}
{"text":"He could not attack the pawns, nor would any kind of manoeuvres force a passed pawn through. ","label":0}
{"text":"The move 2. f4 does not threaten to take the King's Pawn, as Black would win White's e Pawn by Qh4+. ","label":0}
{"text":"A developing move can be interpolated, e.g. 3. Nc3 Nf6. ","label":2}
{"text":"1. ... a6 2. b4. ","label":1}
{"text":"1. Rg4 g6 White provokes this move in order to produce a weakness at f6. ","label":2}
{"text":"In the meantime White would have taken the c Pawn and come back to the d file. ","label":1}
{"text":"The Queen wins against an advanced pawn, even when the latter is supported by the King; only the h3 or g4 pawn can draw sometimes, when the pawn is on the seventh supported by the King, and the opposing d7 cannot move to the queening square. ","label":3}
{"text":"10. h4 h6 11. hxg5 hxg5 12. Rh2 Rf8 13. Rh6+ Ke7 14. d5 f3 15. Re6+ Kd7 16. Rf6! Resigns. ","label":3}
{"text":"Nf6 7. Qb3 Qe7 Black cannot cover his King's Bishop's Pawn with Qd7 because 8. Qxf7 wins the Rook, whilst now Black could play 8. ... Qb4+ in reply, forcing the exchange of Queens. ","label":3}
{"text":"The apparent weakness created in Black's game at f6 and h6 by the disappearance of the g Pawn does not assist White in this case, because the pieces which could take advantage of such a weakness, the B and the N at d5, have been exchanged. ","label":0}
{"text":"22. Nc4 Kc7 23. Nd6 Bd7 24. Ke4 Ba4 25. g4 Bc2+ 26. Kd4 Bg6 Black wishes to play h5, in order to get a passed pawn too, the only chance of saving the game. ","label":1}
{"text":"The difference in the pawn positions, which decides the issue for White, is found in the fact that the White passed pawn at d5 is unassailable because the support of the c Pawn cannot be taken away by Black's b6, whilst Black's passed pawn at his f6 can be isolated at any time through a4, a5. ","label":2}
{"text":"5. Ng2 Ke7 6. Qe2 Nb6 7. Rf1 Bc8. ","label":1}
{"text":"White has also an infinitesimal weakness on the King's side, the Rook's pawn having advanced two squares and being therefore an easy mark. ","label":0}
{"text":"Capablanca believes that the early advance of d4 can be refuted by Ne4 e.g. 9. ... Be7 10. Nd2 Nc5 11. Bc2 d4 12. Ne4 dxc3 13. Nxc5 Bxc5 14. Be4 Qd7 15. Qc2 or bxc3. ","label":1}
{"text":"The attack on the Queen by c5 must consequently be rejected. ","label":0}
{"text":"The King draws against King and pawn if he commands the queening square, and if he can retain the opposition on the first rank as soon as the pawn moves into his sixth. ","label":3}
{"text":"5. ... Kc6 6. Bd4 Ra2+ 7. Ke3 Rxh2 8. Kf4 Rd2 9. g4 Rxd4 Black reduces the position to an elementary ending, which is theoretically a win. ","label":2}
{"text":"And this pressure threatens to be reinforced by Bb4. ","label":2}
{"text":"In the present instance play would proceed on these lines: 1. e5 Ba5 2. Ke3 Kf7 3. Ke4 Ke7 4. f5 Bb4 5. f6+ Kf8 6. e6 Ba3 7. Ba4 Bb4. White can only get through with the King's Pawn, as f7 is unavailing on the grounds set out above. ","label":2}
{"text":"White would only be justified in this course if he could now win a pawn with 8. dxc5, but Black would win it back and have the superior game after 8. ... d4 9. Ne4 O-O followed by Bf4 and Qa4+. ","label":3}
{"text":"13. Ke2 Kg3 14. Ke3 c5 and wins, for White cannot hold the f Pawn now, but must capture the g Pawn in exchange for it, after which the Black King reaches the Queen's side two moves ahead, ","label":3}
{"text":"The best plan for Black is to decline the doubtful gift of the pawn and to bring about one of the positions, as sketched above, in which, by playing d5 early in the game, Black is sure of the free development of all his forces. ","label":2}
{"text":"A beginner will probably calculate thus: I push on my pawn, he takes with his pawn, my Knight takes, so does his, then my Bishop takes, and so on. ","label":1}
{"text":"The game then would be drawn after 10. Kg2 Kf4 11. Kf2 because White maintains the opposition, and Black cannot get through at e3 or f3. ","label":0}
{"text":"I do not wish to imply that Black should have avoided the exchange at his c6 at all cost; such an exchange has always the compensating advantage of opening a file for the Rooks, which advantage often means a favourable middle game, as will be readily understood. ","label":3}
{"text":"It is only possible to mate on a corner square commanded by the Bishop, as the following argument shows clearly. ","label":2}
{"text":"White must exchange pawns. ","label":2}
{"text":"In this \"oblique opposition\" the Rook takes four of the Knight's squares: 1. ... Ne1 2. Kf5 Nc2 3. Ke4 Nc3 {(Nb4? ","label":2}
{"text":"1. Kh8 Ne5 2. Kh7 Nd7 3. Kh8 Nf8 4. h7 Ng6 mate. ","label":2}
{"text":"On the contrary, he will cover his centre pawn, which White wishes to tempt away, either with e3 or c3. ","label":2}
{"text":"For after Rxf6 17. exf6 White captures the f Pawn, and still overtakes the passed pawn which Black obtains on the Queen's wing; the pawns at d5 and f6 are unassailable (Ke8, d6, Kf7, d7 etc.). ","label":2}
{"text":"Now the King's Pawn is attacked twice. ","label":3}
{"text":"1. ... Kd6 2. c3 Kc6 3. Kc4 and wins. ","label":2}
{"text":"28. Nf5 Bxf5 29. gxf5 Kc7 ","label":1}
{"text":"The proper formation for the Black pawns would be at f6, g7, h6 after which White cannot force a pawn through by playing f4 and g5 as Black can refrain from making any exchange. ","label":2}
{"text":"5. c3 cxd4 6. cxd4 f5 ","label":1}
{"text":"Therefore in the position set out in Diagram 77 White should not play f5 but e5. ","label":2}
{"text":"If the White pawn were still at h5, White's King could attack the pawn from h6 and secure the win. ","label":2}
{"text":"He requires six moves to capture the White Queen's side pawns, one to make room for his pawn at c6, and after three moves the pawn only gets to c3. ","label":1}
{"text":"Now Black would win with b3, because after cxb3 the a Pawn queens unmolested. ","label":2}
{"text":"13. ... Rxd7 14. Rd1 Qe6 ","label":1}
{"text":"In this case the King must avoid the corners, as the Knight would be bereft of his efficiency. ","label":2}
{"text":"35. Kf4 Kd7 36. Ke4 Kc7 37. d6+ Kc8 38. Kd5 Kd7 39. c6+ bxc6+ 40. Kc5 Resigns (compare Diagram 68) ","label":3}
{"text":"Superficially the difference between 2. d4 and 2. f5 is that in the first case the pawn thus advanced is covered, while in the second it is not. ","label":2}
{"text":"The more usual continuation for White is 4. Ba4 Nc6 5. O-O he does not trouble to protect his e Pawn as its capture would allow his Rook an open file on which to act against the opposing King (compare Games Nos. ","label":2}
{"text":"Let us consider what happens, if Black takes no measures against Nd5, but only prevents White's ultimate Qf3 by pinning the Knight with Bg5. ","label":1}
{"text":"5. ... Kg7 6. Kf4 Kf6 7. Re5 g6 8. Ke4 Rd6 9. f4 Re6 Black probably hopes for a counter chance by getting a distant passed pawn on the h file. ","label":1}
{"text":"3. Qd2 f6 4. Nxf6+ gxf6 5. Bh4 Bxf3 6. Qh6 Ne2+ 7. Kh1 Bxg2+ 8. Kxg2 Nf4+ 9. Kh1 Ng6. Now Black has succeeded in interrupting the White Queen's action on the P. ","label":2}
{"text":"If White plays Pe5 now he gains time for his advance of Pawn f4 as Black's Knight must retreat. ","label":2}
{"text":"8. ... c6 9. Bg5 b5 Black must try to develop his Queen's Knight at last. ","label":2}
{"text":"Furthermore the Black Bishop has less mobility than the White one, and finally the Black King is tied to his d6, to prevent White's entry at c5 or e5. ","label":2}
{"text":"If it were not for the Rooks, the centre pawns would not help White, because Black would obtain a passed pawn on either wing. ","label":2}
{"text":"Whilst White has a pawn firmly posted in the centre, Black has a pawn there which will soon be driven away. ","label":3}
{"text":"If the pawns are still standing behind, the King who has the most advanced position has always the advantage, because he threatens to attack the opposing pawns should they leave their base. ","label":2}
{"text":"Ne2+ 15. Ke3 c3} 14. ... Nd3 15. b4 Nb2 16. Nb5 and wins ","label":2}
{"text":"The whole of the manoeuvres now centre round Black's endeavours to force his d5 and White's attempt to prevent it. ","label":1}
{"text":"Now h5 would be countered by Nf5, forcing the exchange and leaving a backward pawn at g7 and the Rook's pawn would be bound to fall. ","label":0}
{"text":"To avoid this drawback Rubinstein has evolved the following variation, in which provision is made from the first for the freedom of action of the Queen's Bishop: 3. Nc3 Nf6 4. Bg5 dxe4 to open the diagonal for the Bishop at b2 e.g.: 5. Nxe4 Nd7 6. Nf3 Be7 followed by b3 and Bb2. ","label":2}
{"text":"The Knight has the advantage of access to all squares; against that the Bishop is able to fight at long range, and offers opportunities of gaining moves in certain positions where there is a \"forced move\" (compare p. 90). ","label":3}
{"text":"This he can do by playing d4 e.g.: 2. f4 Bc5 3. Nf3 d6 4. d4 exd4 5. Nxd4 or 4. c3 Nf6 5. d4 exd4 6. cxd4 Bb6 Here Black can get an early advantage by attacking White's e Pawn taking possession of the e file after castling on the K side. ","label":2}
{"text":"4. Kd3 Kb7 5. Ra5 Nb1 6. Ra1 and wins. ","label":2}
{"text":"14. O-O Na4 15. Rb1 b5 ","label":1}
{"text":"White can either develop his B at g2, and concentrate on the Black P, which is somewhat weak, or he can place the B on one of the available squares between f1 and a6. ","label":2}
{"text":"Black with the move cannot win, as he cannot bring about the same position with White to move. ","label":0}
{"text":"If in Diagram 91 Black makes the mistake of playing c5 as suggested, the backward d6 becomes a welcome objective for White's attack. ","label":0}
{"text":"The consequences of 16. Rc6 had to be calculated to a nicety. ","label":1}
{"text":"Black is able to play d5 early in all such openings, where White does not force the defensive move d3 by attacking Black's King's Pawn. ","label":2}
{"text":"White would take up a position on the Knight's file with the King, and push on the Rook's pawn. ","label":2}
{"text":"Here White does not even need to Queen his passed pawn. ","label":0}
{"text":"3. d4 ","label":1}
{"text":"14 and 17) 5. ... Be7. Now Black can capture the e Pawn without much risk, as the Bishop is on the King's file. ","label":2}
{"text":"2. Ke6 or Kd6 would be wrong, as Black would then succeed in assuming the opposition at e7 or d7, and would be able to maintain it. ","label":0}
{"text":"But after 8. Nf4 Qxd3 9. Nxd3 White is so much ahead with his development that Black's chance of equalising the game would seem questionable. ","label":2}
{"text":"But as White must first move his Bishop to cover his pawn, the Rook's pawn is lost, and the manoeuvre therefore unsound. ","label":0}
{"text":"It would be bad to support it with Nc6, as White would exchange pawns and then Queens. ","label":0}
{"text":"For that reason another line of play has come to the fore in which White exchanges his inactive B for Black's troublesome B. ","label":2}
{"text":"position--White: K at b8, P at c7 Black: K at d4, Q at c6 White draws: 1. ... Qb6+ 2. Ka8 Qxb7 stalemate. ","label":1}
{"text":"At last Black has captured the coveted square, whilst keeping the spare move in hand. ","label":2}
{"text":"We conclude now that Black cannot hold his pawn at e5. ","label":0}
{"text":"6. Kxe1 Bd3 7. b3 Kd7 Black is condemned to inactivity, and White can quietly set to work to force his pawn through. ","label":0}
{"text":"A. We have already come to the conclusion that after 1. e4 e5 White does well to try to force the exchange of Black's centre pawn on d4 or f4 and that Black will try to counteract this, unless by allowing the exchange he gets a chance of exerting pressure in the centre by means of his pieces. ","label":3}
{"text":"13. ... Rd7 14. Kg3 Rd4 15. Kf3 Ke2 16. Re3 Kd6 17. Kg3 Rd2 18. c3 Bf7 19. Ra2 would be a mistake on account of Rxf3+, but the a Pawn cannot escape. ","label":0}
{"text":"5. Bxf6 followed by Qh4+) 5. f3. ","label":1}
{"text":"Since the opposition on the outside rank is of no avail, when the pawn has not yet played to his sixth square, the weaker side must try to keep away the opposing King from the sixth rank until the pawn has reached that rank. ","label":3}
{"text":"1. Nd5 Kb7 2. Kc5 Ka6 3. Kb4 Kb7 4. Kb5 Ka7 5. Nc7 Kb7 6. Ne8 Ka7 7. Nd6 Kb8 8. Kb6 Ka8 9. Nd7 f5 10. Nc5 f4 11. Nf7 mate. ","label":2}
{"text":"Therefore 5. e3 must be played first, and after Be2 6. Nf3 O-O 7. Rc1 b6 8. cxd5 exd5 9. Bd3 Bb7 all the pieces have found rational development. ","label":2}
{"text":"Diagram 3 shows a position in which White has castled on the Queen's side, and Black on the King's side. ","label":1}
{"text":"2. d4 3. c3 d5 ","label":1}
{"text":"leaving the Bishop unprotected, after which Bxf3 does not retrieve the situation because the Rook recaptures from c6. ","label":0}
{"text":"If Black now enters his second rank, White immediately plays into opposition on his third rank, e.g. 1. ... Kd7 2. Kd3 and still maintains it by 3. Ke3 if Black plays a waiting move such as 2. ... Ke7. Now Black has no further waiting moves, as White threatens to capture one of the pawns. ","label":3}
{"text":"To defend it by means of 2. ... c6 is unwise, since White exchanges pawns and then Queens, by which Black loses his chance of castling and impedes the development of his Rooks. ","label":0}
{"text":"2. ... Kd7 3. d6 (Diagram 50). ","label":1}
{"text":"Another Queen's move. ","label":1}
{"text":"Lasker-Moll (Berlin championship, 1904), from which the position is taken, Black played h6 in order to obtain the formation mentioned above, and White resigned after 2. f4 f3 3. g4 Kd4. There was, however, a pretty win after Black's h6 namely: 2. f6 gxf6 3. f4 Kd4 4. g5 hxg5 5. fxg5 Ke5 6. fxg5 Kf3 7. Kc2 and Black is lost, because his own pawn obstructs the square f2 and the King must release the square b2 after which the White pawn queens. ","label":3}
{"text":"In this particular case the win is made easy by the fact that the White King is able to attack the Black pawn at once. ","label":2}
{"text":"White could also obtain a rapid development by Nc3, d3, Be3 or Ng5, but this arrangement is not popular, because Black can play Na5 and exchange the valuable B. ","label":1}
{"text":"Many openings in which neither e4 nor d4 is the first move lead to wellknown positions by a simple transposition of moves. ","label":0}
{"text":"On the other hand an ending with Bishops of different colour leads mostly to a draw, frequently even against a majority of two pawns. ","label":1}
{"text":"Here also we find two essentially different systems of development, according to whether White plays e5 or gives Black the option of exchanging pawns by 3. Nc3 ","label":1}
{"text":"Here the advance of the h Pawn would not be a suitable plan of attack for White as his Rook is no longer on the Rook's file, nor could it be brought back in time. ","label":0}
{"text":"Black therefore manoeuvres his King first in such a way that the square at his f5 is only reached when the White King is at g3. ","label":2}
{"text":"The only useful square for the Bishop's on either side is now at b2 and 8. b3 b6 are indicated. ","label":2}
{"text":"Both of White's Bishops would be best placed on b2. ","label":2}
{"text":"White's position is superior; firstly, because the only open file on the board is his, and secondly, because the Black Queen's side pawns are advanced, and therefore weak for a King's ending. ","label":2}
{"text":"For if in that case Black exchanges the Knights, he only furthers White's development without doing anything towards strengthening his d5. ","label":0}
{"text":"The defence has a totally different trend, if Black gives up his own e Pawn, but captures the White e Pawn at once. ","label":3}
{"text":"With regard to the second irregular reply to 1. d4 namely, 1. ... c5 two ways are open to White. ","label":1}
{"text":"It is therefore necessary to play c3 first. ","label":2}
{"text":"There is, consequently, no immediate danger, nor is there anything to fear for some time to come, as White has no other piece which could attack the pawn for the fifth time. ","label":1}
{"text":"For instance, Diagram 46: 1. Rd5 Bh7 {or R2}; 2. Rd8+ Bg8 and Black is stalemate unless the Rook leaves the eighth Rank. ","label":0}
{"text":"Black can only maintain his centre pawn if he can prevent his Knight from being exchanged. ","label":3}
{"text":"[Footnote: A pawn is said to be \"backward,\" when it cannot move into cover by another pawn.] at d6 is open to constant attacks and is difficult to defend. ","label":0}
{"text":"Here the centre cannot be cleared as early as in the openings beginning with 1. e4 e5. The advance of a second centre pawn, which there led to a clearance, is not feasible in this case. ","label":3}
{"text":"Supposing, however, Black plays 2. ... Bf5; should White now think mechanically, \"I will take his centre pawn and consequently have the better game,\" his deduction would be wrong. ","label":3}
{"text":"Black can therefore develop in security with 2. ... Bc5 and if then White prevents the Q check by Nf3 there is no objection to Black protecting his King's Pawn with d6 as the King's Bishop is already developed. ","label":2}
{"text":"If Black were to play h4 at once, White would reply with 8. Kh3 and after hxg3 9. Kxg3. Black would have to give up the spare move c5 to gain the square at c4 for his King. ","label":0}
{"text":"Here must be mentioned: 1. ... Nf3 1. ... c4 and 1. ... f4. ","label":1}
{"text":"White could occupy the d file, but the Black B at e6, which prevents the entry of the Rooks at d7, makes the operation aimless. ","label":0}
{"text":"2. c4 e6 3. Nc3 c5 4. Nf3 Nc6 Now Black threatens cxd4 with an attack on White's Queen's Pawn. ","label":2}
{"text":"2. e3 e6 3. Nf3 Nf6 4. c4 c5 5. Nc3 Nc6 6. Bd3 Bd6 7. O-O O-O ","label":1}
{"text":"The initial moves are: 1. e4 e5 2. Nf3 Nc6 3. Bb5. ","label":1}
{"text":"For the pawn at g4 reduces the mobility of the Black King, in so far as the latter must at all times be ready to reach the queening square in as few moves as the pawn, or else the pawn would queen unmolested. ","label":3}
{"text":"But he underrates the weakness of the Queen's side pawns, and even without the exchange of Rooks, White would win, by settling the King's side first and then tearing up the Queen's side, as in the game: 10. g4, Re7; 11. hxg6, fxg6; 12. g5+, hxg5; 13. fxg5+. 10. hxg6 fxg6 11. Kd5 Rxe5 12. fxe5+ Ke7 13. b4 Resigns. ","label":3}
{"text":"5. Qxd3 e6 6. Ne2 or h3 Through this the move f4 which fits into this pawn formation, is kept in reserve. ","label":2}
{"text":"The second is to play 2. d5 Black will then develop his King's side with g6 and Bg7. ","label":2}
{"text":"The calculation is perfectly simple upon the following lines: I play e5, then my pawn is attacked by a pawn and two Knights, a Bishop and two Rooks, six times in all. ","label":0}
{"text":"3. Nc3 Nf6 4. e5 Nd7 5. f4 c5 6. dxc5 Nc6 ","label":1}
{"text":"For instance, a Queen's gambit may well have the following opening moves: 1. c4 Nf6 2. Nf3 e6 3. Nc3 c5 4. e3 d5 5. d4 or a French defence these: 1. Nc3 d5 2. d4 Nf6 3. Bh5 e6 4. e4 There are, of course, systems of opening which deviate absolutely from those which have been proved sound and are in general use, and it is those openings that puzzle the beginner most of all. ","label":3}
{"text":"A line of play which used to be in vogue, namely, 3. Nc3 dxe4 4. Nxe4 Nf6 5. Nxf6+ exf6 or gxf6 gives Black an even chance, for although he loses his centre pawn he obtains a good development, and later in the game he has opportunities of exercising pressure on White's P through his open d file. ","label":2}
{"text":"The conclusions arrived at for Black in the French defence hold good for both sides in the opening now under consideration, and accordingly the c file is that most advantageous for the Rooks. ","label":2}
{"text":"After exchanging the Queen and one Rook, the possession of the King's file ensures the advance of the King to e4 and from there to d5. ","label":2}
{"text":"White has an advantage in the greater mobility of his Rook, and makes the most of it in an instructive fashion. ","label":2}
{"text":"In the one case the chain of Black pawns is broken by the absence of g Pawn, in the other of the b Pawn. ","label":0}
{"text":"As is readily seen, White can attack Black's e Pawn a second time with d4, whilst after Black's d6 any other defensive move would hinder development. ","label":2}
{"text":"This is now necessary, because the square c6 is weak after b6 and the White Knight threatens to win the Rook's pawn eventually with a check at c6. ","label":3}
{"text":"1. a4 Ke6; 2. a5 bxa5; 3. bxa5 Kd6 ","label":1}
{"text":"Instead of the text move, f5 was necessary in order to release the Rook. ","label":2}
{"text":"\" We shall soon see that Black is only able to draw the game, if he succeeds in assuming the opposition himself (which means that, having the move, he should step into opposition). ","label":1}
{"text":"The Black Bishop is as effectual at a7 as at c5, but White has advanced his pawns, and weakened them, as they are now more liable to attack. ","label":2}
{"text":"Black must now lose yet another move to protect his Knight's Pawn. ","label":2}
{"text":"[Footnote: As an example of the difficult play which ensues when Black defends the pawn in the King's Gambit, I give the latest variation of an attack introduced by Professor I. L. Rice, and called the \"Rice Gambit\": 1. e4 e5 2. f4 exf4 3. Nf3 g5 4. h4 g4 5. Ne5 Nf6 6. Bc4 d5 7. exd5 Bd6 8. O-O Bxe5 9. Re1 Qe7 10. c3 Nh5 11. d4 Nd7 12. dxe5 Nxe5 13. b3 O-O 14. Ba3 Nf3+ 15. gxf3 Qxh4 16. Re5 Bf5 17. Nd2 Qg3+ 18. Kf1 Qh2 19. Bxf8 g3 20. Bc5 g2+ 21. Ke1 Qh4+ 22. Ke2 Ng3+ 23. Kf2 Ne4+ 24. Kxg2 Bh3+ 25. Kh1 Kh8 26. Nxe4 Rg8 27. Rg5 with interesting possibilities. ","label":1}
{"text":"The pawn itself is often useful at c3, in that it can support the advance of d4 in the centre, should it be desired, or it can, by pushing on, be brought to exercise further pressure on the opposing b Pawn. ","label":2}
{"text":"This, of course, weakens Black's B, and the White Rooks might obtain an entry on the e file. ","label":0}
{"text":"If Black were to play Nxe4 in the following position, because the pawn at e4 is attacked three times, and only supported twice, it would be an obvious miscalculation, for the value of the defending pieces is smaller. ","label":0}
{"text":"The game is much more favourable for Black if he first plays 3. ... a6 and retains the option of driving the White B away by b5 after which d5 can be enforced very soon. ","label":2}
{"text":"Diagram 40 gives the position reached after: 3. Nf3 e6 4. e3 Nf5 5. Ne5 Nf6 White would not accomplish much with 6. f4. The more or less symmetrical lineup of the pieces would most likely lead to a draw after Black properly prepares freeing his hemmed-in Bishop with b6 and Bb7. ","label":3}
{"text":"It was unnecessary to prevent Ng5, since the Knight could not hold that square permanently. ","label":0}
{"text":"e.g. 6. b3 cxd4 7. exd4 Bb4 8. Bb2 Ne4 9. Qc2 Qa5 10. Rc1 Qxa2. ","label":1}
{"text":"We attain typical close positions when Black does not play 1. ... e5 in answer to 1. e4 but relinquishes all claim on his e5 and takes possession of his d5 instead, leaving White the option of interlocking the pawns in the centre with e5. ","label":3}
{"text":"Here the possession of an extra pawn is seldom sufficient for a win, unless the stronger side has also an advantage in the greater mobility of the Rook. ","label":3}
{"text":"It is therefore advisable for White to develop his Bishop at b2 instead of at g5 in order not to give Black a chance of exchanging his troublesome Bishop. ","label":2}
{"text":"1. Nc5 b6 2. Nd3 a5 ","label":1}
{"text":"White has no time to double Rooks, because if he does so, after his Re2 Black would play the King away from his file and allow the Knight to escape. ","label":0}
{"text":"6. ... O-O 7. Bc4 ","label":1}
{"text":"1. Rd5! ","label":1}
{"text":"Except the French defence and the Caro-Kann, there is no game in which an irregular reply to White's 1. e4 necessitates any special considerations either in development of pieces or pawn formation. ","label":0}
{"text":"It is not yet easy to materialise the advantage in position The advance d6+ would be very bad, as f6 and e6 would be made accessible for Black. ","label":0}
{"text":"That possibility disappears after b3. ","label":1}
{"text":"White can open up the diagonal by playing c4 after castling, nor would it really imply the loss of a move to have played the P twice, since Black must move his Queen again from a5, where she has no future. ","label":2}
{"text":"2. d4 is only a gambit if after 2. ... dxe5 White does not recapture the pawn. ","label":1}
{"text":"In most cases two centre squares become inaccessible at once, through the opponent placing one of his pawns in the centre; therefore it would seem a good plan to lure that pawn away, and this is rendered feasible by playing e4 or c4 when the opponent has a pawn on his d4, and d4 or f4 when he has a pawn on e4. ","label":2}
{"text":"In Diagram 12 it seems at first sight as if Black could play Nxe4: although White can pin the Knight with Re1 and then attack it once more with his Knight, Black would appear to have sufficient protection available, with his N and B. ","label":2}
{"text":"If now Black plays Ke8 he is lost, for White playing Ke6 has the opposition. ","label":0}
{"text":"In Diagram 57, for instance, White must not play c4. ","label":0}
{"text":"For after 4. ... dxc3 5. Nxc3 (Diagram 20) White has developed both Knights, and his Bishops are free, whilst Black has none of his pieces out. ","label":2}
{"text":"In order to play b4 and c5, then to force Black to exchange at c5, White must first have the opportunity of bearing a second time on Black's Queen's Pawn. ","label":1}
{"text":"In the first case Black obtains the distant passed pawn. ","label":1}
{"text":"If White plays Nh3 on his sixth move, he foils at once Black's attempt of forcing an exchange of Queens, as he could play 8. Qg3. ","label":2}
{"text":"Black would be justified in playing 2. ... dxc4, and so furthering White's object of getting his (Black's) Queen's Pawn away, if he could permanently hold the gambit pawn, or if the giving up of the square at d5 fits into a reasoned system of development. ","label":3}
{"text":"After 2. h6 gxh6 3. f4 Kd5 the Black King has time to overtake the passed pawn which results on the Bishop's file. ","label":2}
{"text":"So the Black King decides on flight, but he finds no peace on the Q side either, because there his advanced pawns soon allow White to make a breach in the Black position. ","label":0}
{"text":"On the other hand he cannot now maintain his pawn at d4 as he has blocked his P. ","label":0}
{"text":"White, therefore, should play Ke5 Kd5 would lose, as Black would play Kb4, protecting his pawn and attacking the White pawn, the protection of which White has to give up next move. ","label":0}
{"text":"If in Diagram 63 the King stood at d2 instead of c1, he could just manage to draw. ","label":3}
{"text":"The result is that the Queen selects another good square, for instance at e3 or a4, but Black has not improved matters, for he still can play neither Bc5 nor d5. ","label":3}
{"text":"12. Kf2 Kf4 The White King cannot move to g2 now, because in that case Black would move the King to the White c3 and queen in seven moves, and White, after seven moves, would only have the KB pawn at f7. ","label":0}
{"text":"8. ... d5 White should have considered this move. ","label":2}
{"text":"Black has succeeded in eliminating the White centre pawn, and sweeps long diagonals with his Bishops, but the advantage cannot be maintained. ","label":3}
{"text":"If White plays 2. dxc5 we have after 2. ... e3 a Queen's gambit accepted by White, and, as pointed out before, this line of play is not commendable. ","label":0}
{"text":"It is more difficult to mate with KNIGHT AND BISHOP. ","label":0}
{"text":"White cannot win a pawn now with 5. cxd5 exd5 6. Nxd5 because of Nxd5 7. Bxd8 Bb4+. ","label":0}
{"text":"White takes eleven moves to capture the Black King's side pawns, and to queen one of his own, as can be easily seen. ","label":2}
{"text":"Now White has the disagreeable choice between Bd2 and c3. ","label":3}
{"text":"In this opening there is no reason why White should play c4 as there is no prospect of opening the c file for the Rooks. ","label":0}
{"text":"In any case Be7 would have had the same effect, and developed a piece at the same time. ","label":2}
{"text":"The opening might continue in this way: 5. d4 Be7 6. Qe2 Nd6 7. Bxc6 bxc6 (to make room for the N ) 8. dxe5 Nb7 (Diagram 25). ","label":2}
{"text":"A position not unlike that in Diagram 92 will result ultimately, in which Black defends the pawn as many times as it is attacked, but in which White can bring up his e4 to the attack, as the d6 cannot move away, whilst Black has no further defensive move at his disposal. ","label":3}
{"text":"8. Kd2 Be4 9. g3 Bb1 10. a3 Be4 11. Ke3 Bb1 12. Nf3 ","label":1}
{"text":"Neither can the Bishop capture on e4 because of Rxe4. ","label":0}
{"text":"With this we will close the discussion of the variations initiated by 2. Pc4 e6, and study the reply 2. ... c6 ","label":1}
{"text":"To convert it into a win by queening the extra pawn is only a matter of time. ","label":2}
{"text":"He can do this, for instance, in the following way: 1. Bg3 Kf7 (now 2. Kd6 would be bad on account of Nd4 3. c7 Nb5+ and Nxc7) 2. Bh2 Ke7 3. Be5. Now White's plan has succeeded; the same position has occurred, and it is Black's move. ","label":2}
{"text":"Black however draws, through a pretty combination: 10. ... b4 11. Kd4 c3 12. Kc4 cxb2 13. Kxb4 Nxf4 and White cannot prevent the ultimate exchange of N for P. ","label":2}
{"text":"On the other hand, Black would be a move behind with an attack on the Queen's side, since to reach c5 his pawn would have made two moves instead of one as in the French defence. ","label":0}
{"text":"15. Bxd7+ Nxd7 16. Qb8+ Nxb8 17. Rd8 mate ","label":2}
{"text":"Naturally, should White lose a move, as, for instance, 1. e4, e5 2. Nf3, Nc6; 3. a3? the position is reversed, and Black is bound to obtain the initiative which is White's birthright. ","label":3}
{"text":"The White King can therefore capture the opposing Bishop's pawn in peace and then queen his own. ","label":2}
{"text":"To play other pawns really means the loss of a move. ","label":0}
{"text":"In this case White must endeavour to take advantage of the weaknesses at Black's f6 and h6, produced by his move g6. ","label":2}
{"text":"It was obvious, since the opening of the e file for the Rook is most dangerous, for the White King. ","label":0}
{"text":"Thus, for the loss of a pawn, White has a paramount advantage in position. ","label":3}
{"text":"Here the advance of the White King's side pawns has undeniably produced weaknesses in the pawn skeleton, and these would be fatal had the Black pieces as much mobility as the White ones. ","label":3}
{"text":"and White cannot cover the mate. ","label":0}
{"text":"If White elects to exchange his Bishop for the Knight forthwith, he can remove the Black centre pawn after 4. ... bxa4 by playing 5. d4 but the exchange of the Bishop for the Knight gives Black a free development and in consequence a good game. ","label":0}
{"text":"or he can develop his King's side, holding the P at e5 only I: 7. Nb5 Nb6 8. c3 a6 9. Na3 c5 10. f4 Nf6 11. Nc2 O-O-O 12. Nf3 Bd7 13. Bd3 f5 ","label":2}
{"text":"The concentration of the White pieces has become alarming, and threatens to be continued by Qd2, Rg2 . Rg1 and Nf5.","label":3}
{"text":"In Diagram 7, for instance, Black may not play Nxc4, because White, by playing d6, would force the Bishop to b5 or c8, to prevent the pawn from Queening and the Knight would be lost. ","label":0}
{"text":"It would be obviously wrong to move the pawn to d3 after White's Rd1, because White could bring another two pieces to bear on the P, the other Rook and the Knight, whilst Black has only one more piece available for the defence, namely, his Rook. ","label":0}
{"text":"If, for instance, the b Pawn were already at his fourth, White would lose. ","label":0}
{"text":"The pawn at d4 is attacked once and supported once to start with, and can be attacked by three more White units in three more moves (1. Rd1 2. R{c2}d2 3. Bf2) Black can also mobilise three more units for the defence in the same number of moves (1. Nf5 or Ke6 2. Bg7 3. Rd8). ","label":1}
{"text":"But in order to play e7 the square e7 must first be covered a second time, so that the Bishop cannot be given up for the two pawns. ","label":1}
{"text":"On principle it does not seem advisable for Black to play d5 on the first move in reply to 1. e4. Although White's centre pawn disappears after 2. exd5 Qxd5 Black loses a move through 3. Nc6 and his Queen has no place from which it cannot be driven away very soon, unless it be at d8. ","label":0}
{"text":"If Black wants to avoid the exchange, he must yield up the e file to White, and that would surely spell disaster, as the Black Rook would have no field of action, and would have to go to d8 to avoid the loss of a pawn through Nb5+, after which the White Rook would take possession of the seventh rank, fettering the action of the Bishop into the bargain. ","label":3}
{"text":"10. cxd4 e3 11. Kxe3 fxg4 12. Kf4 h5 13. d5+ Kxb6 14. Ke5 Kc7 Resigns. ","label":1}
{"text":"1. ... Kf7 2. b5 Ke6 3. b6 axb6 4. axb6 Kd7 5. Be5 threatens b7. ","label":1}
{"text":"In Diagram 80 White can still draw, for in five moves the pawn reaches b7, supported by the King at a7, and in that time Black cannot come up with his King, so that he must give up the Rook for the pawn. ","label":3}
{"text":"A perceptible advantage, however, lies in the fact that White cannot bring about a \"forced move\" position, as Black has the move c5 in reserve. ","label":0}
{"text":"The sequel would be 6. ... gxf4 7. Rxf4 after which the Rook goes to a5 and the Rook's pawn must fall, or: 6. ... Kg6 7. fxg5 fxg5 8. Rc6+ Kg7 9. Rc5 and the Bishop's pawn is lost, unless Black gives up his passed pawn. ","label":3}
{"text":"30. Ke4 Kd7 31. Kf4 Ke7 32. Kg4 Kd7 33. h4 Kc8 34. h5 h6 Otherwise there follows: h6, Kh5, etc. ","label":1}
{"text":"Compared with the position considered above, which occurs after 1. ... Be3 2. Nd5 Black has the further advantage of maintaining his B, which makes it possible to push the weak f Pawn on to his fourth, and either exchange it or push it still further to f4, a useful and secure position. ","label":2}
{"text":"If Black were to play Bxc5 at once, White could play Qg4 with an attack on the Knight's Pawn. ","label":3}
{"text":"Wishing to avoid this, Black plays 3. ... Bg4 and, by pinning the opponent's Knight, indirectly protects the King's Pawn. ","label":2}
{"text":"2. c4 e5 If White plays 3. dxe5 Black's reply is d4 and the obvious move 4. e3 fails on account of the following pretty combination: Bb4+ 5. Bd2 dxe3 6. Bxd2 exf2+ 7. Ke2 fxg1+ 8. Rxg1 Bg4+ etc. ","label":0}
{"text":"In the same way Black with the move cannot play Kb4 because White wins the pawn with Kd5. ","label":0}
{"text":"This forces the Bishop to move twice, and Black regains the move he lost in his development, when he played dxc4. ","label":3}
{"text":"If White has the move, however, he wins easily by 1. Kc4 thus: 1. ... Kd6 2. Kb5 Kc7 3. Kc5 Kb7 4. Kd6 Kc8 5. Kc6 and there is opposition on the eighth rank whilst the pawn has not reached the sixth. ","label":2}
{"text":"Black, however, can occupy the d file with his Rook, and confine the White King to his wing. ","label":2}
{"text":"But Black has a draw in the position of Diagram 50, by playing 3. ... Kd8 (not e8). ","label":1}
{"text":"In the position of Diagram 66 Black could still have won by playing f6. ","label":2}
{"text":"The position which ensues in the centre after 1. e4 e6 2. d4 d5 3. e5 divides the board diagonally, and it is easy to recognise roughly the main lines of play which will govern the game. ","label":1}
{"text":"Only Black can hardly attack White's centre with f6 since the Pawn at e6 would be weak in the absence of the Queen's Bishop. ","label":2}
{"text":"Black cannot very well exchange the pawns, leaving the King's file quite exposed, and must submit to White playing cxd5 maintaining the pawn at e4 and preventing Black's d5 for some time to come. ","label":0}
{"text":"By capturing, Black would only dislocate his pawns. ","label":0}
{"text":"The following line of play would fulfil this condition: 1. e4 e5 2. f4 exf4 3. Nf3 Nf6 4. Nc3 d4 Black thereby abandons the gambit pawn. ","label":2}
{"text":"After 4. Bc4 Black has still no need to protect his e Pawn with Nc6 but can play Nf6 first, because after 5. fxe5 dxe5 6. Nxe5 would be answered by 6. ... Qd4 winning a piece. ","label":2}
{"text":"Already on the second move White can play 2. c4 and turn the game into a Queen's gambit, which Black can either accept or decline. ","label":2}
{"text":"The absence of the g pawn can lead to serious consequences in the middle game, because of the weakness of Black's f6 and h6 (compare Diagram 90); it can, however, hardly become awkward in the end-game, as the pawns on the f and h files are within the protecting reach of their King. ","label":3}
{"text":"The obvious moves to this end are: for White the advance of the f4 Pawn, for Black that of the c Pawn and sometimes even of the b Pawn, that is when the c5 Pawn has not been exchanged for the opposing d4 Pawn, but has pushed on to c4. ","label":2}
{"text":"Black could not afford to leave the pawns where they are, because even if there were no White pawn at f2 White would, by playing g5 threaten to win in the following way: 1. g6 fxg6 2. h6 and f6 etc. or 1. ... hxg6 2. f6 with h6 etc. ","label":3}
{"text":"Black would thus forfeit his chance of castling and lose much time in bringing the King into safety and the Rooks into play. ","label":0}
{"text":"Is he to play e5 and prevent the opening of the d or e file for a long time to come, or should he proceed to develop his pieces, and leave Black the option of anticipating the blocking of the centre by playing dxe4 himself? ","label":3}
{"text":"1. Ke4 Ke7 2. Kd5 Kd7 3. Be4 Be7 4. b6 Bd8 5. b7 Kc7 6. Ke6 and wins or 5. ... Bc7 6. f6 Bh2 6. Bc2 Ke8 8. Ke6 Bb8 9. Bg6+ Kf8 10. Kd7 and wins. ","label":2}
{"text":"The position in the diagram seems favourable to Black as White cannot castle for some time. ","label":0}
{"text":"In Diagram 13, White derives no advantage from being the exchange to the good, for the Rook has no file which could be used to break into the Black camp. ","label":0}
{"text":"9. Bxd5 Nxd5 ","label":1}
{"text":"1. Ke4 Ke6 2. g5 Ke7 3. Ke5 Kf7 4. Kd6 and so on or 1. ... Ke5 Kxg4 3. Kd6 Kf5 4. Kxc6 Ke6 5. Kb7 and so on. ","label":1}
{"text":"The winning process is not quite so simple when all the pawns are on the same wing, because exchanges are of no use unless the King can assume the opposition in front of the last remaining pawn (compare notes to Diagram 53). ","label":0}
{"text":"Meanwhile White mobilises all his pieces, whilst Black's B remains blocked and the N must remain at d7 to cover the P. ","label":3}
{"text":"If now Black answers bxa4 White simply plays Bxc4 and the P at a4 is lost very soon. ","label":0}
{"text":"If Black plays instead: 5. ... c6 White wins back his pawn with 6. b3 cxb3 7. axb5 cxb5 8. Bxb5+ by Qxb3 and moreover is much ahead with his development. ","label":3}
{"text":"In practical play it has nevertheless been shown that White's attack is more likely to succeed, and for this reason a variation introduced by Niemzowitsch has been tried several times; it aims at the exchange of Queens in order to weaken and retard White's threatened attack, and to gain time for Queen's side operations. ","label":3}
{"text":"Diagram 26 shows the position after 9. c3 ","label":1}
{"text":"If the White P was not isolated but standing, for instance, at b2, Black would be lost, as calculation easily shows. ","label":2}
{"text":"It is generally possible to force an exchange of Bishops and obtain one of the well-known pawn endings. ","label":2}
{"text":"The first one is a typical though glaring example, which is very instructive and came to my notice some time ago: 1. e4 e5 2. d4 exd4 3. Qxd4 Nc6 4. Qe3 Nf6 5. h3? I will not discuss the system of development adopted by White in his first four moves. ","label":1}
{"text":"5. Qxf3 dxe5 6. Bc4 White has now two pieces more in play than Black, instead of only one, and the mobility of the White Queen, which Black himself has brought out, begins to have a threatening effect on Black's game. ","label":3}
{"text":"7. Nf3 Bxc5 8. Bd3 f5 Black cannot castle yet, on account of the following threat, which I give in full because it occurs frequently in practice: 8. ... O-O 9. Bxh7+ Kxh7 10. Ng5+ Kg8: 11. Qh5 Re8 12. Qxf7+ 13. Qh5+ 14. Qh7+ 15. Qh8+ 16. Qxg8 mate. ","label":0}
{"text":"Both sides will have to advance more pawns in order to obtain openings for their Rooks, and use them for the attack, since they have no future on the e and d files, as was the case in the openings mentioned hitherto. ","label":2}
{"text":"Black could now try to regain his pawn with Ne7, Ng6 but he can also sacrifice a pawn by f6 with a view to rapid development. ","label":2}
{"text":"Position 3.--White: (K, a1), (B, g1), (B, g2) Black: (K, h8) 1. Kb2 Kg7 2. Kc3 Kf6 3. Kd4 Ke6 4. Bh2 Kf6 5. Kd5 Kf5 6. Be5 Kg5 7. Ke6 Kg4 8. Ba8 Kg5 9. Bc3 Kg6 10. Bf6 Kh6 11. Kf7 Kh7 12. Bg5 Kh8 13. Bd1 Kh7 14. Bc2+ Kh8 15.Bf6 {mate.} ","label":2}
{"text":"3. ... Kc6 4. Ka7 Kc7 5. Ka8 Kc8 6. a6 Kc7 7. a7 Kc8 and White is stalemated. ","label":1}
{"text":"Although White has one pawn more, he can only win by reducing the mobility of the Black Rook through the following manoeuvre: 1. Rc2 Rd7 2. Ra2 Ra7 Now the Black Rook has only one move left, whilst the White Rook has the freedom of the Rook's file. ","label":2}
{"text":"If then White plays f5 in order to hinder the development of Black's Bishop and to bring out his own, the pressure on Black's e Pawn is relieved permanently, and sooner or later Black will break through on the d file, as his d Pawn is no longer needed at d6 for the support of the centre pawn. ","label":0}
{"text":"In this particular case Black could have made the position secure by obtaining the ideal position of f6, g7, g6, for his pawns earlier, before the White pawns could advance so far. ","label":2}
{"text":"1. ... Rb8 2. Bxc6 Rb7 3. Be4 Be6 4. a3 Rb8. ","label":1}
{"text":"13. Rxd7 compare Diagram 12. ","label":1}
{"text":"In this case Black loses also: 9. Rc5 Bd8 10. Kxd2 Kg6 11. Kd3 Bf6 12. Rc6 Kg7 13. Ke4 Kg6 14. Rh6 Kf7 15. Kf5 Bd8 16. Rg6 followed by Rxg4 etc. ","label":0}
{"text":"If, on the other hand, Black exchanges pawns in order to free the Knight, there is no Black centre left. ","label":0}
{"text":"If White does not wish to lose so many moves with his N he can effect the intended protection of his P as follows: 7. Qd2 a6 not c4 at once, because of Nb5. ","label":2}
