{"text":"The absence of the g PEC can lead to serious consequences in the middle game, because of the weakness of PLY's MOV and MOV (compare Diagram 90); it can, however, hardly become awkward in the end-game, as the PECs on the f and h files are within the protecting reach of their PEC.","label":3}
{"text":"Wishing to avoid this, PLY plays MOV and, by pinning the opponent's PEC, indirectly protects the PECs PEC.","label":2}
{"text":"MOV MOV or MOV","label":1}
{"text":"The calculation is perfectly simple upon the following lines: I play MOV then my PEC is attacked by a PEC and two PECs, a PEC and two PECs, six times in all.","label":0}
{"text":"If he wishes to bring out his PEC first, he must anticipate PLY's threat by MOV.","label":3}
{"text":"Here PLY does not even need to PEC his passed PEC.","label":0}
{"text":"But PLY can prevent this by simply playing MOV.","label":2}
{"text":"MOV PLY should have considered this move.","label":2}
{"text":"Here the advance of the PLY PECs side PECs has undeniably produced weaknesses in the PEC skeleton, and these would be fatal had the PLY pieces as much mobility as the PLY ones.","label":3}
{"text":"This, of course, weakens PLY's PEC, and the PLY PECs might obtain an entry on the e file.","label":0}
{"text":"Now after MOV he keeps the opposition himself with MOV and after MOV he is stalemated, or else wins the PEC if PLY plays differently on his sixth move.","label":2}
{"text":"In Diagram 12 it seems at first sight as if PLY could play MOV: although PLY can pin the PEC with MOV and then attack it once more with his PEC, PLY would appear to have sufficient protection available, with his PEC and PEC.","label":2}
{"text":"We see here how the PECs position can be counterbalanced by the weakness of a PEC, and lead to a draw.","label":0}
{"text":"After that the PEC in conjunction with one of the PECs will attempt to force an entry at LOC or MOV as for instance in the following, the moves of which are taken from a game I once watched and took note of as being most instructive.","label":2}
{"text":"Position 3.--PLY: PEC, MOV PEC, MOV PEC, MOV PLY: PEC, MOV MOV 15.MOV {mate.}","label":2}
{"text":"PLY is able to play MOV early in all such openings, where PLY does not force the defensive move MOV by attacking PLY's PECs PEC.","label":2}
{"text":"In the same way PLY with the move cannot play MOV because PLY wins the PEC with MOV.","label":0}
{"text":"PLY cannot win a PEC now with MOV because of MOV MOV","label":0}
{"text":"MOV PLY probably hopes for a counter chance by getting a distant passed PEC on the h file.","label":1}
{"text":"But PLY is well advised to wait until PLY has moved the PECs PEC before taking the PEC on his MOV","label":3}
{"text":"He can either prepare for MOV to support his PEC.","label":2}
{"text":"MOV","label":1}
{"text":"If PLY has the move, however, he wins easily by MOV thus: MOV and there is opposition on the eighth rank whilst the PEC has not reached the sixth.","label":2}
{"text":"MOV","label":1}
{"text":"MOV leads to nothing, as MOV follows, and after MOV PLY forces a stalemate with MOV.","label":0}
{"text":"He requires six moves to capture the PLY PECs side PECs, one to make room for his PEC at LOC, and after three moves the PEC only gets to LOC.","label":1}
{"text":"In the present instance play would proceed on these lines: MOV PLY can only get through with the PECs PEC, as MOV is unavailing on the grounds set out above.","label":2}
{"text":"MOV PLY's PEC cannot easily be driven away from her commanding position, particularly as PLY must lose a move to save his a PEC.","label":3}
{"text":"The former move prepares MOV followed by MOV","label":1}
{"text":"PLY, on the other hand, can bring out his PEC before playing MOV in this way: MOV and the game might proceed as follows: MOV (Diagram 38.)","label":2}
{"text":"In order to play MOV and MOV then to force PLY to exchange at LOC, PLY must first have the opportunity of bearing a second time on PLY's PECs PEC.","label":1}
{"text":"Protecting the PEC with the PEC would also block other pieces, and MOV cannot be good, as it blocks the PECs PEC.","label":0}
{"text":"The apparent weakness created in PLY's game at LOC and LOC by the disappearance of the g PEC does not assist PLY in this case, because the pieces which could take advantage of such a weakness, the PEC and the PEC at LOC, have been exchanged.","label":0}
{"text":"PLY has also an infinitesimal weakness on the PECs side, the PEC's PEC having advanced two squares and being therefore an easy mark.","label":0}
{"text":"Here the PEC positions on both sides are broken, and the player that occupies the open files first, gets a decisive advantage.","label":0}
{"text":"[Footnote: A PEC is said to be \"backward,\" when it cannot move into cover by another PEC.] at LOC is open to constant attacks and is difficult to defend.","label":0}
{"text":"MOV and so on or MOV and so on.","label":1}
{"text":"PLY must capture, as he needs seven moves in which to exchange the PEC's PEC and PEC his PEC's PEC, whilst in that time PLY can win the d PEC after MOV, and yet arrive in time with his PEC to stop the PEC from queening.","label":2}
{"text":"MOV PLY wishes to play MOV in order to get a passed PEC too, the only chance of saving the game.","label":1}
{"text":"If PLY wishes to castle on the PEC side, which must have been his intention when playing MOV he will have to play MOV and MOV.","label":2}
{"text":"In most cases two centre squares become inaccessible at once, through the opponent placing one of his PECs in the centre; therefore it would seem a good plan to lure that PEC away, and this is rendered feasible by playing MOV or MOV when the opponent has a PEC on his MOV and MOV or MOV when he has a PEC on MOV","label":2}
{"text":"MOV and wins or MOV and wins.","label":2}
{"text":"In answer to MOV on the other hand, PLY can play MOV without having the slightest difficulty with his development.","label":2}
{"text":"The PLY PEC can therefore capture the opposing PEC's PEC in peace and then PEC his own.","label":2}
{"text":"MOV mate","label":2}
{"text":"The result is that the PEC selects another good square, for instance at LOC or MOV but PLY has not improved matters, for he still can play neither MOV nor MOV","label":3}
{"text":"The move MOV does not threaten to take the PECs PEC, as PLY would win PLY's e PEC by MOV.","label":0}
{"text":"MOV mate.","label":2}
{"text":"There are two moves which deserve consideration as a preliminary to LOC namely, MOV (French Defence) and LOC (Caro-Kann defence).","label":1}
{"text":"The winning process is not quite so simple when all the PECs are on the same wing, because exchanges are of no use unless the PEC can assume the opposition in front of the last remaining PEC (compare notes to Diagram 53).","label":0}
{"text":"PLY can either develop his PEC at LOC, and concentrate on the PLY PEC, which is somewhat weak, or he can place the PEC on one of the available squares between MOV and MOV","label":2}
{"text":"Therefore I can play MOV provided the six units captured at LOC are not of greater value than the six PLY units which are recaptured.","label":1}
{"text":"Meanwhile PLY has gained a big start, and is ready to occupy the open file with his PECs.","label":2}
{"text":"After MOV PLY's position is at least as easy of development as PLY's.","label":1}
{"text":"In Diagram 13, PLY derives no advantage from being the exchange to the good, for the PEC has no file which could be used to break into the PLY camp.","label":0}
{"text":"For after MOV MOV PLY captures the f PEC, and still overtakes the passed PEC which PLY obtains on the PECs wing; the PECs at LOC and LOC are unassailable (MOV, MOV MOV, LOC etc.).","label":2}
{"text":"On the other hand an ending with PECs of different colour leads mostly to a draw, frequently even against a majority of two PECs.","label":1}
{"text":"A line of play which used to be in vogue, namely, MOV or MOV gives PLY an even chance, for although he loses his centre PEC he obtains a good development, and later in the game he has opportunities of exercising pressure on PLY's PEC through his open d file.","label":2}
{"text":"PLY does not command his MOV and for some time to come he will be unable to advance the PEC PEC beyond MOV","label":0}
{"text":"MOV and wins, for PLY cannot hold the f PEC now, but must capture the g PEC in exchange for it, after which the PLY PEC reaches the PECs side two moves ahead,","label":3}
{"text":"MOV The PLY PEC cannot move to LOC now, because in that case PLY would move the PEC to the PLY LOC and PEC in seven moves, and PLY, after seven moves, would only have the KB PEC at LOC.","label":0}
{"text":"MOV Resigns.","label":3}
{"text":"In both cases PLY has an easy development, whilst PLY has no convenient square for his PECs PEC.","label":0}
{"text":"The exchange on the seventh move is compulsory, because the loss of a PEC after MOV is in effect threatened, now that the PLY e PEC is supported by the PEC.","label":2}
{"text":"Both of PLY's PECs would be best placed on MOV","label":2}
{"text":"If, on the other hand, PLY exchanges PECs in order to free the PEC, there is no PLY centre left.","label":0}
{"text":"on the f file, and also the g or h file; here, as we shall see, an occasion may arise for storming the opposing PECs side by a PEC attack.","label":3}
{"text":"But as PLY must first move his PEC to cover his PEC, the PEC's PEC is lost, and the manoeuvre therefore unsound.","label":0}
{"text":"After MOV PLY is forced to allow the PLY PEC to move to LOC, covering the queening square; MOV any; MOVQ.","label":3}
{"text":"MOV","label":1}
{"text":"Thus we will not easily give up a centre PEC unless we can obtain some other advantage in doing so.","label":1}
{"text":"If now PLY wishes to answer the threat of MOV MOV and plays MOV PLY answers MOV as before.","label":3}
{"text":"After MOV PLY would play MOV and it is not evident how PLY is to win.","label":2}
{"text":"Therefore PLY will effect a timely exchange of one of his PECs, after which his PEC alone will hold the e file.","label":1}
{"text":"For after MOV (Diagram 20) PLY has developed both PECs, and his PECs are free, whilst PLY has none of his pieces out.","label":2}
{"text":"The correct move in this variation is consequently MOV and a possible continuation would be: MOV; MOV MOV; MOV or MOV or MOV.","label":2}
{"text":"Here the centre cannot be cleared as early as in the openings beginning with MOV The advance of a second centre PEC, which there led to a clearance, is not feasible in this case.","label":3}
{"text":"PLY would thus forfeit his chance of castling and lose much time in bringing the PEC into safety and the PECs into play.","label":0}
{"text":"Instead of MOV PLY should play MOV and develop his PEC at LOC.","label":2}
{"text":"PLY with the move wins similarly with MOV.","label":2}
{"text":"Is he to play MOV and prevent the opening of the d or e file for a long time to come, or should he proceed to develop his pieces, and leave PLY the option of anticipating the blocking of the centre by playing MOV himself?","label":3}
{"text":"MOV","label":1}
{"text":"For instance, in Diagram 63, PLY, having the move, wins because his PEC gets first into the centre of the board.","label":2}
{"text":"These considerations point to the conclusion that after MOV there is no inducement for PLY to take the PEC.","label":2}
{"text":"MOV","label":1}
{"text":"MOV","label":1}
{"text":"Therefore PLY is more likely to play MOV Not MOV for after MOV MOV; MOV would open PLY's game and drive the PEC away at once, gaining a move.","label":2}
{"text":"PLY could not afford to leave the PECs where they are, because even if there were no PLY PEC at LOC PLY would, by playing LOC threaten to win in the following way: MOV and LOC etc. or MOV with LOC etc.","label":3}
{"text":"For instance, in the PECs gambit, since the move MOV does not threaten MOV, PLY can reply at once by MOV (Falkbeer Counter Gambit).","label":2}
{"text":"The PLY PEC, which is so effective in taking advantage of weaknesses at PLY's MOV and MOV has been exchanged.","label":3}
{"text":"We attain typical close positions when PLY does not play MOV in answer to MOV but relinquishes all claim on his MOV and takes possession of his MOV instead, leaving PLY the option of interlocking the PECs in the centre with MOV","label":3}
{"text":"Now PLY could win by playing MOV and MOV, but he prefers to end up with a magnificent sacrifice.","label":2}
{"text":"MOV MOV MOV","label":1}
{"text":"PLY takes eleven moves to capture the PLY PECs side PECs, and to PEC one of his own, as can be easily seen.","label":2}
{"text":"MOV Now PLY threatens MOV with an attack on PLY's PECs PEC.","label":2}
{"text":"After MOV (to permit of MOV, which at present is not feasible on account of MOV MOV PLY is a PEC ahead, but his PEC obstructs his PEC therefore PLY has better developing chances and should be able to win the PEC back at the very least.","label":3}
{"text":"Having the move, PLY would draw the game by: MOV By placing his PEC behind the passed PEC he condemns the opposing PEC to inactivity, whilst his own is free to move on the PEC's file.","label":2}
{"text":"It is not yet easy to materialise the advantage in position The advance MOV would be very bad, as MOV and MOV would be made accessible for PLY.","label":0}
{"text":"The proper formation for the PLY PECs would be at LOC, LOC, MOV after which PLY cannot force a PEC through by playing MOV and MOV as PLY can refrain from making any exchange.","label":2}
{"text":"Now MOV would be countered by MOV, forcing the exchange and leaving a backward PEC at LOC and the PEC's PEC would be bound to fall.","label":0}
{"text":"The defence has a totally different trend, if PLY gives up his own e PEC, but captures the PLY e PEC at once.","label":3}
{"text":"Already on the second move PLY can play MOV and turn the game into a PECs gambit, which PLY can either accept or decline.","label":2}
{"text":"If, for instance, the b PEC were already at his fourth, PLY would lose.","label":0}
{"text":"MOV","label":1}
{"text":"The concentration of the PLY pieces has become alarming, and threatens to be continued by MOV, MOV . MOV and MOV.","label":3}
{"text":"The doubled PEC, which PLY could force by exchanging the PECs, is in no way detrimental to PLY's game.","label":1}
{"text":"MOV","label":1}
{"text":"On the other hand, it cannot be denied that PLY's PEC formation on the d side is weak, and that his centre is less secure.","label":0}
{"text":"A beginner will probably calculate thus: I push on my PEC, he takes with his PEC, my PEC takes, so does his, then my PEC takes, and so on.","label":1}
{"text":"After ten moves, PLY only gets his PEC to LOC.","label":1}
{"text":"He can only attack the PEC from LOC or MOV both of which are inaccessible as the PLY PEC gets to LOC.","label":3}
{"text":"[Footnote: As an example of the difficult play which ensues when PLY defends the PEC in the PECs Gambit, I give the latest variation of an attack introduced by Professor I. L. Rice, and called the \"Rice Gambit\": MOV with interesting possibilities.","label":1}
{"text":"Diagram 3 shows a position in which PLY has castled on the PECs side, and PLY on the PECs side.","label":1}
{"text":"PLY could also obtain a rapid development by MOV, MOV MOV or MOV, but this arrangement is not popular, because PLY can play MOV and exchange the valuable PEC.","label":1}
{"text":"To play MOV before castling is very dangerous, because PLY can play MOV and pin the PLY QKt with MOV forcing MOV when MOV was the move intended,","label":0}
{"text":"The text move is forced, as MOV would give PLY yet another passed PEC.","label":2}
{"text":"It would be bad to support it with MOV, as PLY would exchange PECs and then Queens.","label":0}
{"text":"The obvious moves to this end are: for PLY the advance of the MOV PEC, for PLY that of the c PEC and sometimes even of the b PEC, that is when the MOV PEC has not been exchanged for the opposing MOV PEC, but has pushed on to LOC.","label":2}
{"text":"In Diagram 10, the point of attack, namely, the PLY PEC at LOC, can be supported by as many PLY units as PLY can bring up for the attack, but the defensive efficiency of one of PLY's pieces is illusory, because it can be taken by a PLY piece.","label":3}
{"text":"For after exchanging his PEC for the PEC, which otherwise would drive his PEC away, PLY brings the latter into a dominating square in the centre.","label":3}
{"text":"If now PLY plays MOV he is lost, for PLY playing MOV has the opposition.","label":0}
{"text":"If PLY plays MOV we get the position mentioned in connection with Diagram 35.","label":1}
{"text":"PLY however draws, through a pretty combination: MOV and PLY cannot prevent the ultimate exchange of PEC for PEC.","label":2}
{"text":"Since the opposition on the outside rank is of no avail, when the PEC has not yet played to his sixth square, the weaker side must try to keep away the opposing PEC from the sixth rank until the PEC has reached that rank.","label":3}
{"text":"To avoid this drawback Rubinstein has evolved the following variation, in which provision is made from the first for the freedom of action of the PECs PEC: MOV to open the diagonal for the PEC at LOC e.g.: MOV followed by LOC and MOV.","label":2}
{"text":"No fault can be found with this move, although it blocks the PEC, since the latter can only be developed effectively at LOC.","label":1}
{"text":"MOV Now PLY's pieces are more mobile, and that is the reason why this system of defence is becoming more popular than any other.","label":2}
{"text":"Therefore in the position set out in Diagram 77 PLY should not play MOV but MOV","label":2}
{"text":"It is tempting after MOV to cover the PEC at LOC by MOV but in that case PLY would sacrifice a PEC by MOV by this means opening the PECs file for himself, and so preventing PLY from ever playing MOV","label":2}
{"text":"PLY's PECs at LOC and LOC then exert a pressure on PLY's MOV","label":2}
{"text":"Finally PLY's PEC is unfavourably placed, obstructing as it does the c PEC and preventing its falling into line with its fellows.","label":0}
{"text":"If then PLY plays MOV in order to hinder the development of PLY's PEC and to bring out his own, the pressure on PLY's e PEC is relieved permanently, and sooner or later PLY will break through on the d file, as his d PEC is no longer needed at LOC for the support of the centre PEC.","label":0}
{"text":"The conclusions arrived at for PLY in the French defence hold good for both sides in the opening now under consideration, and accordingly the c file is that most advantageous for the PECs.","label":2}
{"text":"It is PLY's move, and we will suppose he wishes to play MOV","label":1}
{"text":"MOV Resigns.","label":1}
{"text":"The PEC draws against PEC and PEC if he commands the queening square, and if he can retain the opposition on the first rank as soon as the PEC moves into his sixth.","label":3}
{"text":"The passed PECs PEC decides the game.","label":1}
{"text":"I have already pointed out that PLY would not mind his e PEC being taken, in view of the attack on the open PECs file.","label":3}
{"text":"PLY would only be justified in this course if he could now win a PEC with MOV but PLY would win it back and have the superior game after MOV followed by MOV and MOV.","label":3}
{"text":"In the one case the chain of PLY PECs is broken by the absence of g PEC, in the other of the b PEC.","label":0}
{"text":"Many openings in which neither MOV nor MOV is the first move lead to wellknown positions by a simple transposition of moves.","label":0}
{"text":"PLY will assail the PLY PECs position on the PEC side, and PLY is unable to concentrate his forces quickly enough for the defence of the jeopardised entrenchments.","label":2}
{"text":"These considerations make the following moves clear: MOV a further awkward necessity in positions of this kind.","label":1}
{"text":"The PEC itself is often useful at LOC, in that it can support the advance of MOV in the centre, should it be desired, or it can, by pushing on, be brought to exercise further pressure on the opposing b PEC.","label":2}
{"text":"Whilst the two PLY passed PECs are isolated and fall singly, PLY obtains two passed PECs, which are united and unassailable.","label":0}
{"text":"Here also we find two essentially different systems of development, according to whether PLY plays MOV or gives PLY the option of exchanging PECs by MOV","label":1}
{"text":"MOV","label":1}
{"text":"If it were not for the PECs, the centre PECs would not help PLY, because PLY would obtain a passed PEC on either wing.","label":2}
{"text":"MOV","label":1}
{"text":"The PEC moves up to the PEC, the progress of which is barred by the PEC (not the PEC.","label":3}
{"text":"It is therefore advisable for PLY to develop his PEC at LOC instead of at LOC in order not to give PLY a chance of exchanging his troublesome PEC.","label":2}
{"text":"If in Diagram 63 the PEC stood at LOC instead of MOV he could just manage to draw.","label":3}
{"text":"MOV or MOV Through this the move MOV which fits into this PEC formation, is kept in reserve.","label":2}
{"text":"He could not have remained on the first rank at the outset either, for after MOV PLY advances through a square, to which PLY cannot assume the opposition, namely, MOV","label":2}
{"text":"If the PLY PEC were still at LOC, PLY's PEC could attack the PEC from LOC and secure the win.","label":2}
{"text":"The a PEC and c PEC, however, are very weak for the end-game, as they are quite out of reach of the PEC (compare Game No. 19).","label":0}
{"text":"This manoeuvre is, however, ill-advised, as PLY is forced to exchange the PEC for the PEC.","label":0}
{"text":"MOV Otherwise there follows: MOV MOV, etc.","label":1}
{"text":"If MOV MOV wins.","label":2}
{"text":"PLY would be justified in playing MOV and so furthering PLY's object of getting his (PLY's) PECs PEC away, if he could permanently hold the gambit PEC, or if the giving up of the square at LOC fits into a reasoned system of development.","label":3}
{"text":"PLY, however, can occupy the d file with his PEC, and confine the PLY PEC to his wing.","label":2}
{"text":"PLY must now lose yet another move to protect his PEC's PEC.","label":2}
{"text":"A different PEC formation is the result if PLY enforces the exchange of PLY's centre PEC at once.","label":2}
{"text":"Diagram 40 gives the position reached after: MOV PLY would not accomplish much with MOV The more or less symmetrical lineup of the pieces would most likely lead to a draw after PLY properly prepares freeing his hemmed-in PEC with MOV and MOV.","label":3}
{"text":"and there is no reply to the threat of MOV and MOV mate, except through the sacrifice of the PEC.","label":2}
{"text":"PLY would be unable to circumvent this or to attack the PECs.","label":0}
{"text":"Position--PLY: PEC, MOV PEC, MOV PLY: PEC, MOV PEC, MOV MOV and wins.","label":2}
{"text":"He must have lost two moves, for he has still to capture the c PEC and then, being PLY, it should be his move.","label":2}
{"text":"But he underrates the weakness of the PECs side PECs, and even without the exchange of PECs, PLY would win, by settling the PECs side first and then tearing up the PECs side, as in the game: MOV MOV; MOV MOV; MOV MOV; MOV MOV Resigns.","label":3}
{"text":"PLY can only maintain his centre PEC if he can prevent his PEC from being exchanged.","label":3}
{"text":"The initial moves are: MOV","label":1}
{"text":"One is to turn the opening into an ordinary PECs gambit by playing MOV on which PLY can play MOV","label":1}
{"text":"MOV","label":1}
{"text":"Now the PECs PEC is attacked twice.","label":3}
{"text":"MOV","label":1}
{"text":"MOV PLY cannot castle yet, on account of the following threat, which I give in full because it occurs frequently in practice: MOV MOV mate.","label":0}
{"text":"In the position of Diagram 66 PLY could still have won by playing MOV","label":2}
{"text":"If the PLY PEC was not isolated but standing, for instance, at LOC, PLY would be lost, as calculation easily shows.","label":2}
{"text":"As is readily seen, PLY can attack PLY's e PEC a second time with MOV whilst after PLY's MOV any other defensive move would hinder development.","label":2}
{"text":"It was obvious, since the opening of the e file for the PEC is most dangerous, for the PLY PEC.","label":0}
{"text":"Although PLY has one PEC more, he can only win by reducing the mobility of the PLY PEC through the following manoeuvre: MOV Now the PLY PEC has only one move left, whilst the PLY PEC has the freedom of the PEC's file.","label":2}
{"text":"If then the PEC moves away from the PEC, it gets lost after a few checks, or if PLY's PEC plays to LOC, the PEC is equally lost through MOV.","label":0}
{"text":"In the position given, PLY could only win by keeping his passed PEC, and indeed it is possible to win by gaining a move with the PEC.","label":2}
{"text":"If PLY plays instead: MOV PLY wins back his PEC with MOV by MOV and moreover is much ahead with his development.","label":3}
{"text":"and PLY cannot cover the mate.","label":0}
{"text":"or he can develop his PECs side, holding the PEC at LOC only I: MOV","label":2}
{"text":"The attack on the PEC by MOV must consequently be rejected.","label":0}
{"text":"The whole of the manoeuvres now centre round PLY's endeavours to force his MOV and PLY's attempt to prevent it.","label":1}
{"text":"MOV MOV MOV (to prevent MOV) MOV followed by MOV or MOV.","label":1}
{"text":"Except the French defence and the Caro-Kann, there is no game in which an irregular reply to PLY's MOV necessitates any special considerations either in development of pieces or PEC formation.","label":0}
{"text":"In this case the PEC must avoid the corners, as the PEC would be bereft of his efficiency.","label":2}
{"text":"If the PECs are still standing behind, the PEC who has the most advanced position has always the advantage, because he threatens to attack the opposing PECs should they leave their base.","label":2}
{"text":"\" We shall soon see that PLY is only able to draw the game, if he succeeds in assuming the opposition himself (which means that, having the move, he should step into opposition).","label":1}
{"text":"Therefore, when the PEC checked on the previous move and drove the PEC away, the PEC had the option of two PLY squares, and had no need to go into the corner one.","label":2}
{"text":"PLY with the move could not play MOV because MOV would follow.","label":0}
{"text":"But in view of the fact that PLY's game is wholly undeveloped, and that he plays practically several pieces down, PLY sacrifices his PEC for two PECs: he foresees the position which occurs a few moves later, when PLY is hemmed in on all sides.","label":2}
{"text":"Another PECs move.","label":1}
{"text":"If PLY now enters his second rank, PLY immediately plays into opposition on his third rank, e.g. MOV and still maintains it by MOV if PLY plays a waiting move such as MOV Now PLY has no further waiting moves, as PLY threatens to capture one of the PECs.","label":3}
{"text":"The other possibility is the following: in view of the fact that MOV does absolutely nothing to aid development, PLY can initiate a violent attack by giving up his PECs PEC MOV and thus accelerate his own development.","label":0}
{"text":"It is generally possible to force an exchange of PECs and obtain one of the well-known PEC endings.","label":2}
{"text":"It will be more advisable to prevent PLY from playing MOV as far as this can be achieved in conformity with a logical development, e.g. MOV Not MOV because PLY could then lead into the PECs gambit by playing MOV and MOV after which PLY has the disadvantage of not being able to open the c file.","label":2}
{"text":"The best plan for PLY is to decline the doubtful gift of the PEC and to bring about one of the positions, as sketched above, in which, by playing MOV early in the game, PLY is sure of the free development of all his forces.","label":2}
{"text":"MOV of course, is impossible, as it is not a developing move, and moreover blocks the natural development of the PECs PEC.","label":0}
{"text":"PLY cannot very well exchange the PECs, leaving the PECs file quite exposed, and must submit to PLY playing MOV maintaining the PEC at LOC and preventing PLY's LOC for some time to come.","label":0}
{"text":"Since it seems impossible to protect the PECs PEC, the only alternative would be to exchange it; indeed it is on the whole the best course, although it allows a PLY piece to take up a dominating position in the centre.","label":2}
{"text":"MOV","label":1}
{"text":"If PLY were to play MOV in the following position, because the PEC at LOC is attacked three times, and only supported twice, it would be an obvious miscalculation, for the value of the defending pieces is smaller.","label":0}
{"text":"Diagram 18 shows the position which results from the following plausible moves: MOV","label":1}
{"text":"Now neither MOV nor MOV is of any use.","label":0}
{"text":"Finally PLY's MOV is unfavourably placed, obstructing as it does the MOV and preventing its falling into line with its fellows.","label":0}
{"text":"Now PLY has the disagreeable choice between MOV and MOV","label":3}
{"text":"For that reason another line of play has come to the fore in which PLY exchanges his inactive PEC for PLY's troublesome PEC.","label":2}
{"text":"MOV is also bad, since after MOV PLY drives the PEC away, gaining a strong hold on the centre, and PLY has no compensation for giving up his centre PEC.","label":0}
{"text":"Position--PLY: PEC, MOV PEC, MOV PLY: PEC, MOV PEC, MOV MOV draw.","label":1}
{"text":"MOV","label":1}
{"text":"The PEC at LOC is attacked once and supported once to start with, and can be attacked by three more PLY units in three more moves (MOV PLY can also mobilise three more units for the defence in the same number of moves (MOV or MOV MOV.","label":1}
{"text":"After MOV (Diagram 22) PLY cannot yet execute the manoeuvre which underlies the whole tendency of the Ruy Lopez, namely MOV maintaining the pressure in the centre, because after MOV MOV PLY loses a piece through MOV etc.","label":0}
{"text":"MOV PLY has now the opposition but cannot maintain it, having no PEC moves available.","label":3}
{"text":"To defend it by means of MOV is unwise, since PLY exchanges PECs and then Queens, by which PLY loses his chance of castling and impedes the development of his PECs.","label":0}
{"text":"\" PLY draws with MOV and draws, as PLY, in order to capture the PLY PEC, after MOV must give the PLY PEC access to the PEC's square, from which he could not be dislodged except by a PEC on PLY squares.","label":3}
{"text":"It might be more clear to put it in this way: with MOV PLY wins the opposition, in that he brings about a position with PLY to move.","label":2}
{"text":"PLY, however, must try to round off his PEC position on the PECs side, by moving his c PEC into line.","label":2}
{"text":"It would be obviously wrong to move the PEC to LOC after PLY's MOV, because PLY could bring another two pieces to bear on the PEC, the other PEC and the PEC, whilst PLY has only one more piece available for the defence, namely, his PEC.","label":0}
{"text":"A position not unlike that in Diagram 92 will result ultimately, in which PLY defends the PEC as many times as it is attacked, but in which PLY can bring up his MOV to the attack, as the MOV cannot move away, whilst PLY has no further defensive move at his disposal.","label":3}
{"text":"In this case PLY must endeavour to take advantage of the weaknesses at PLY's MOV and MOV produced by his move MOV","label":2}
{"text":"MOV","label":1}
{"text":"PLY, therefore, should play MOV MOV would lose, as PLY would play MOV, protecting his PEC and attacking the PLY PEC, the protection of which PLY has to give up next move.","label":0}
{"text":"Let us now consider the openings in which the first move is MOV on either side.","label":1}
{"text":"In the second, where the PEC must make room for the PEC, PLY must decide at once between MOV or MOV and only MOV can be seriously considered on account of MOV which only furthers PLY's development.","label":3}
{"text":"The PECs moves are outlined by the necessity of capturing the opposing passed PEC, after which the PLY PEC is two files nearer the battle-field (the PECs side), so that the PLY PECs must fall.","label":2}
{"text":"MOV (Capablanca-Em.","label":1}
{"text":"But if doubled PECs can be supported by a PEC on the next file they need not by any means be at a disadvantage against three united single PECs on the opposite side.","label":2}
{"text":"The advance of the c PEC strikes at the opposing centre, and, that being of paramount importance, the PECs PEC must not be developed at LOC before the cP has been pushed on.","label":3}
{"text":"Therefore he can only win by gaining the PEC's PEC, that is, by bringing his PEC to LOC.","label":2}
{"text":"MOV PLY has now two pieces more in play than PLY, instead of only one, and the mobility of the PLY PEC, which PLY himself has brought out, begins to have a threatening effect on PLY's game.","label":3}
{"text":"If PLY does not wish to lose so many moves with his PEC he can effect the intended protection of his PEC as follows: MOV not MOV at once, because of MOV.","label":2}
{"text":"In this \"oblique opposition\" the PEC takes four of the PEC's squares: MOV {(MOV?","label":2}
{"text":"The sequel would be MOV after which the PEC goes to LOC and the PEC's PEC must fall, or: MOV and the PEC's PEC is lost, unless PLY gives up his passed PEC.","label":3}
{"text":"On the other hand, PLY would be a move behind with an attack on the PECs side, since to reach MOV his PEC would have made two moves instead of one as in the French defence.","label":0}
{"text":"It is only possible to mate on a corner square commanded by the PEC, as the following argument shows clearly.","label":2}
{"text":"If PLY were to play MOV at once, PLY would reply with MOV and after MOV MOV PLY would have to give up the spare move MOV to gain the square at LOC for his PEC.","label":0}
{"text":"MOV MOV MOV and wins","label":2}
{"text":"The difference in the PEC positions, which decides the issue for PLY, is found in the fact that the PLY passed PEC at LOC is unassailable because the support of the c PEC cannot be taken away by PLY's MOV whilst PLY's passed PEC at his LOC can be isolated at any time through MOV MOV","label":2}
{"text":"MOV","label":1}
{"text":"After lMOV however, there follows MOV Then PLY covers his passed PEC with MOV and his PEC, having full freedom, captures all the PLY PECs.","label":2}
{"text":"In Diagram 9, if PLY plays MOV he must first have probed the position in the following way.","label":3}
{"text":"If PLY plays MOV now he gains time for his advance of PEC MOV as PLY's PEC must retreat.","label":2}
{"text":"MOV PLY rightly disdains the gain of the PEC's PEC, but prevents the exchange of Queens in developing a piece.","label":2}
{"text":"It is therefore necessary to play MOV first.","label":2}
{"text":"The PEC is driven into the corner in this way: the PEC cuts him off such squares as the PEC does not command.","label":3}
{"text":"There are two essentially different lines, according to whether PLY interpolates MOV or not.","label":1}
{"text":"MOV PLY provokes this move in order to produce a weakness at LOC.","label":2}
{"text":"Considerations of a similar nature would tend to show that MOV is in favour of PLY.","label":2}
{"text":"MOV Now PLY has succeeded in interrupting the PLY PECs action on the PEC.","label":2}
{"text":"MOV If PLY plays MOV PLY's reply is MOV and the obvious move MOV fails on account of the following pretty combination: MOV MOV etc.","label":0}
{"text":"But PLY can, by a simple sacrifice, bring the slumbering PEC at LOC into sudden action: MOV and PLY wins two pieces for his PEC.","label":2}
{"text":"MOV MOV PLY cannot cover his PECs PEC's PEC with MOV because MOV wins the PEC, whilst now PLY could play MOV in reply, forcing the exchange of Queens.","label":3}
{"text":"In the first case PLY obtains the distant passed PEC.","label":1}
{"text":"MOV {threatening MOV}, MOV MOV {now MOV is not feasible on account of MOV} MOV PLY wishes to keep the PLY PEC from his MOV but cannot do so permanently.","label":3}
{"text":"If PLY plays MOV on his sixth move, he foils at once PLY's attempt of forcing an exchange of Queens, as he could play MOV","label":2}
{"text":"He can do this, for instance, in the following way: MOV (now MOV would be bad on account of MOV MOV and MOV) MOV Now PLY's plan has succeeded; the same position has occurred, and it is PLY's move.","label":2}
{"text":"Thus, for the loss of a PEC, PLY has a paramount advantage in position.","label":3}
{"text":"Diagram 26 shows the position after MOV","label":1}
{"text":"It is more difficult to mate with PEC AND PEC.","label":0}
{"text":"14 and 17) MOV Now PLY can capture the e PEC without much risk, as the PEC is on the PECs file.","label":2}
{"text":"This is possible in positions such as that in Diagram 53, where the stronger PEC is not more than one rank ahead of his PEC, and the weaker PEC can assume the opposition.","label":1}
{"text":"leaving the PEC unprotected, after which MOV does not retrieve the situation because the PEC recaptures from LOC.","label":0}
{"text":"If in Diagram 91 PLY makes the mistake of playing MOV as suggested, the backward MOV becomes a welcome objective for PLY's attack.","label":0}
{"text":"But after MOV PLY is so much ahead with his development that PLY's chance of equalising the game would seem questionable.","label":2}
{"text":"Let us consider what happens, if PLY takes no measures against MOV, but only prevents PLY's ultimate MOV by pinning the PEC with MOV.","label":1}
{"text":"To make the capture effective, however, PLY must first protect his own PECs PEC, which would otherwise be lost after MOV.","label":3}
{"text":"PLY could occupy the d file, but the PLY PEC at LOC, which prevents the entry of the PECs at LOC, makes the operation aimless.","label":0}
{"text":"PLY's position is superior; firstly, because the only open file on the board is his, and secondly, because the PLY PECs side PECs are advanced, and therefore weak for a PECs ending.","label":2}
{"text":"It may be mentioned here that after MOV would be a useless move, as to begin with it would be inconsequent, since MOV was played in order to clear the centre, and moreover it would block up a diagonal which could be most useful to the PECs PEC.","label":0}
{"text":"Here the advance of the h PEC would not be a suitable plan of attack for PLY as his PEC is no longer on the PEC's file, nor could it be brought back in time.","label":0}
{"text":"On principle it does not seem advisable for PLY to play MOV on the first move in reply to MOV Although PLY's centre PEC disappears after MOV PLY loses a move through MOV and his PEC has no place from which it cannot be driven away very soon, unless it be at LOC.","label":0}
{"text":"Instead of the text move, MOV was necessary in order to release the PEC.","label":2}
{"text":"PLY starts by tempting the PECs forward and thus systematically creates points of attack.","label":2}
{"text":"MOV or MOV would be wrong, as PLY would then succeed in assuming the opposition at LOC or MOV and would be able to maintain it.","label":0}
{"text":"Both sides will have to advance more PECs in order to obtain openings for their PECs, and use them for the attack, since they have no future on the e and d files, as was the case in the openings mentioned hitherto.","label":2}
{"text":"PLY now cannot exchange, of course, otherwise the position would resolve itself to an easy end game win similar to the one in Diagram 56.","label":0}
{"text":"On the contrary, he will cover his centre PEC, which PLY wishes to tempt away, either with MOV or MOV","label":2}
{"text":"He has opened up avenues of attack on the PECs side, and is ready to utilise the weakness of PLY's c PEC by playing MOV on which PLY must submit to opening the file for the PLY PEC or the diagonal for the PLY PEC.","label":2}
{"text":"The last winning chance would have been: MOV","label":2}
{"text":"The consequences of MOV had to be calculated to a nicety.","label":1}
{"text":"The PLY PEC is as effectual at LOC as at LOC, but PLY has advanced his PECs, and weakened them, as they are now more liable to attack.","label":2}
{"text":"Before bringing the discussion of the PECs PEC opening to a close, I may remark that in tournaments it has become usual for PLY not to play MOV at once, but to play MOV as a preliminary, in order to avoid the complications of the PECs counter gambit:","label":3}
{"text":"PLY could now try to regain his PEC with MOV, MOV but he can also sacrifice a PEC by MOV with a view to rapid development.","label":2}
{"text":"In this particular case the win is made easy by the fact that the PLY PEC is able to attack the PLY PEC at once.","label":2}
{"text":"At last PLY has captured the coveted square, whilst keeping the spare move in hand.","label":2}
{"text":"MOV and wins.","label":2}
{"text":"The PEC wins against an advanced PEC, even when the latter is supported by the PEC only the MOV or MOV PEC can draw sometimes, when the PEC is on the seventh supported by the PEC, and the opposing MOV cannot move to the queening square.","label":3}
{"text":"Position--PLY: PEC at LOC, PEC at LOC PLY: PEC at LOC, PEC at LOC PLY draws: MOV stalemate.","label":1}
{"text":"Therefore PLY must not delay playing MOV After MOV (Diagram 22) PLY cannot yet execute the manoeuvre which underlies the whole tendency of the Ruy Lopez, namely MOV maintaining the pressure in the centre, because after MOV MOV PLY loses a piece through MOV etc.","label":3}
{"text":"After MOV PLY has still no need to protect his e PEC with MOV but can play MOV first, because after MOV would be answered by MOV winning a piece.","label":2}
{"text":"Here must be mentioned: MOV and MOV","label":1}
{"text":"Yet beginners frequently infringe this obvious rule, and I have often witnessed manoeuvres such as these (Diagram 90): MOV and then, after the PEC has retired to his MOV even, MOV Meanwhile PLY will have played MOV to make a loophole for his PEC at LOC and what is the result?","label":3}
{"text":"The game then would be drawn after MOV because PLY maintains the opposition, and PLY cannot get through at LOC or MOV","label":0}
{"text":"But PLY has a draw in the position of Diagram 50, by playing MOV (not MOV","label":1}
{"text":"After MOV we attain the positions set out in the Diagrams 27 and 28, to which we must devote a good deal of attention.","label":1}
{"text":"The \"exchange\" is, however, lost for PLY on the next move, because PLY's further attack on the PEC by MOV forces the PEC to defend on MOV where it gets into the diagonal of the PEC, which at present is masked by PLY's PEC.","label":0}
{"text":"MOV","label":1}
{"text":"I. MOV","label":1}
{"text":"The plan would be as follows: PLY threatens PLY's PEC for the third time with MOV, and PLY must reply MOV, because covering with MOV would cost the \"exchange,\" as will appear from a comparison of the value of the pieces concerned.","label":3}
{"text":"If PLY wishes to obviate the threat: MOV or MOV and plays MOV the PLY PEC goes to LOC and wins all the PECs easily.","label":0}
{"text":"The PEC has the advantage of access to all squares; against that the PEC is able to fight at long range, and offers opportunities of gaining moves in certain positions where there is a \"forced move\" (compare p. 90).","label":3}
{"text":"Lasker-Moll (Berlin championship, 1904), from which the position is taken, PLY played MOV in order to obtain the formation mentioned above, and PLY resigned after MOV There was, however, a pretty win after PLY's MOV namely: MOV and PLY is lost, because his own PEC obstructs the square MOV and the PEC must release the square MOV after which the PLY PEC queens.","label":3}
{"text":"Moreover, the PEC at LOC supports the projected MOV","label":2}
{"text":"In this opening there is no reason why PLY should play MOV as there is no prospect of opening the c file for the PECs.","label":0}
{"text":"It seems best to play MOV which calls back the PLY PEC and leaves PLY's PEC as a hindrance to the development of the PEC.","label":2}
{"text":"Supposing, however, PLY plays MOV should PLY now think mechanically, \"I will take his centre PEC and consequently have the better game,\" his deduction would be wrong.","label":3}
{"text":"Here PLY can only win in the following manner: MOV PEC any; MOV and wins.","label":2}
{"text":"To play other PECs really means the loss of a move.","label":0}
{"text":"If PLY elects to exchange his PEC for the PEC forthwith, he can remove the PLY centre PEC after MOV by playing MOV but the exchange of the PEC for the PEC gives PLY a free development and in consequence a good game.","label":0}
{"text":"For instance, the PEC can be posted at LOC and prevent the PLY PEC from attacking PLY's PECs side PECs, whilst the PLY PEC makes for the PEC at LOC and effects its capture.","label":2}
{"text":"After MOV PLY gets out of it comfortably by playing MOV, MOV and O-O and PLY cannot permanently prevent PLY's game from being freed by the advance of the d PEC. MOV for PLY on the fifth move is therefore stronger.","label":2}
{"text":"Therefore PLY endeavours to sacrifice a PEC in order to exchange the two others, after which a draw could be forced by exchanging the PEC for the remaining PLY PEC.","label":3}
{"text":"Doubled PECs are a drawback, even when not isolated, should there be no way of obtaining a passed PEC by exchanging them against a smaller number of single PECs.","label":0}
{"text":"Naturally, should PLY lose a move, as, for instance, MOV MOV MOV MOV; MOV the position is reversed, and PLY is bound to obtain the initiative which is PLY's birthright.","label":3}
{"text":"The position in Diagram 75 is a draw, because it is impossible for the PLY PEC to get round his PEC PEC to drive off the PEC.","label":1}
{"text":"Whilst PLY has a PEC firmly posted in the centre, PLY has a PEC there which will soon be driven away.","label":3}
{"text":"I do not wish to imply that PLY should have avoided the exchange at his MOV at all cost; such an exchange has always the compensating advantage of opening a file for the PECs, which advantage often means a favourable middle game, as will be readily understood.","label":3}
{"text":"After MOV the PLY PEC has time to overtake the passed PEC which results on the PEC's file.","label":2}
{"text":"In the diagram, however, PLY wins through MOV PLY cannot then hold the PEC at LOC.","label":2}
{"text":"So the PLY PEC decides on flight, but he finds no peace on the PEC side either, because there his advanced PECs soon allow PLY to make a breach in the PLY position.","label":0}
{"text":"MOV","label":1}
{"text":"Neither can the PEC capture on MOV because of MOV.","label":0}
{"text":"PLY must exchange PECs.","label":2}
{"text":"In this case PLY loses also: MOV followed by MOV etc.","label":0}
{"text":"But in order to play MOV the square MOV must first be covered a second time, so that the PEC cannot be given up for the two PECs.","label":1}
{"text":"MOV threatens MOV","label":1}
{"text":"It was unnecessary to prevent MOV, since the PEC could not hold that square permanently.","label":0}
{"text":"MOV","label":1}
{"text":"In Diagram 57, for instance, PLY must not play MOV","label":0}
{"text":"PLY has just played MOV . MOV is threatened, and PLY is forced to exchange Queens.","label":3}
{"text":"MOV","label":1}
{"text":"When the PECs are united, one should observe this rule: if they are attacked, they should, if possible, move to squares of the colour of the opposing PEC.","label":3}
{"text":"There is, consequently, no immediate danger, nor is there anything to fear for some time to come, as PLY has no other piece which could attack the PEC for the fifth time.","label":1}
{"text":"Yet he can retaliate, not by making the simplest and most obvious developing moves, as mentioned before, but in the following way: If PLY plays MOV before castling, PLY exchanges PECs and checks with the PEC.","label":2}
{"text":"PLY has an advantage in the greater mobility of his PEC, and makes the most of it in an instructive fashion.","label":2}
{"text":"He cannot play MOV at once, since his PEC's PEC would again be unprotected; therefore he plays the move in the text, probably thinking that now PLY also must lose a move to withdraw his PEC.","label":0}
{"text":"With this we will close the discussion of the variations initiated by MOV and study the reply MOV","label":1}
{"text":"MOV","label":1}
{"text":"After MOV there is no possible chance for PLY to assume the command of the PLY squares, and in order to advance the PECs it is necessary to force access to both PLY and PLY squares.","label":3}
{"text":"If PLY wants to avoid the exchange, he must yield up the e file to PLY, and that would surely spell disaster, as the PLY PEC would have no field of action, and would have to go to LOC to avoid the loss of a PEC through MOV, after which the PLY PEC would take possession of the seventh rank, fettering the action of the PEC into the bargain.","label":3}
{"text":"MOV PLY reduces the position to an elementary ending, which is theoretically a win.","label":2}
{"text":"MOV (After MOV PLY would command the square at LOC through MOV) MOV and PLY resigns, for PLY threatens to establish his PEC at LOC where the PECs at LOC and LOC are both attacked, whilst the PLY PEC is at once forced to occupy the only square from which both PECs are covered, namely MOV","label":3}
{"text":"Taking it all in all, we see from the foregoing that the pinning of the PLY PEC can only be injurious to PLY if he does not take timely measures to provide against PLY's MOV, which threatens to concentrate more forces for the attack on MOV than PLY is able to mobilise for its defence.","label":3}
{"text":"The first one is a typical though glaring example, which is very instructive and came to my notice some time ago: MOV I will not discuss the system of development adopted by PLY in his first four moves.","label":1}
{"text":"The position in the diagram seems favourable to PLY as PLY cannot castle for some time.","label":0}
{"text":"After MOV PLY cannot avoid the loss of the game, e.g. MOV MOV and so on.","label":0}
{"text":"If PLY has the move he can only draw, because the PLY PEC's PEC is covered even though PLY gains the square at LOC.","label":2}
{"text":"It is impossible to force a mate with the PEC AND TWO PECS.","label":0}
{"text":"On the text move PLY also pushes the PEC's PEC on to compel MOV and reduce PLY to moves by the PEC.","label":2}
{"text":"Here the possession of an extra PEC is seldom sufficient for a win, unless the stronger side has also an advantage in the greater mobility of the PEC.","label":3}
{"text":"MOV PLY has now the choice of two lines of development.","label":1}
{"text":"The only useful square for the PEC's on either side is now at LOC and MOV are indicated.","label":2}
{"text":"If PLY plays MOV we have after MOV a PECs gambit accepted by PLY, and, as pointed out before, this line of play is not commendable.","label":0}
{"text":"The latter move prevents the exchange of the PEC after PLY's MOV an exchange which would allow PLY to round up his PEC formation with MOV","label":3}
{"text":"MOV is only a gambit if after MOV PLY does not recapture the PEC.","label":1}
{"text":"By capturing, PLY would only dislocate his PECs.","label":0}
{"text":"In Diagram 7, for instance, PLY may not play MOV, because PLY, by playing MOV would force the PEC to LOC or MOV to prevent the PEC from Queening and the PEC would be lost.","label":0}
{"text":"MOV mate.","label":2}
{"text":"PLY can therefore develop in security with MOV and if then PLY prevents the PEC check by MOV there is no objection to PLY protecting his PECs PEC with MOV as the PECs PEC is already developed.","label":2}
{"text":"Meanwhile PLY mobilises all his pieces, whilst PLY's PEC remains blocked and the PEC must remain at LOC to cover the PEC.","label":3}
{"text":"The sequel might be: MOV {if MOV MOV MOV MOV etc.} MOV {MOV MOV} MOV followed by MOV (B6).","label":1}
{"text":"The more usual continuation for PLY is MOV he does not trouble to protect his e PEC as its capture would allow his PEC an open file on which to act against the opposing PEC (compare Games Nos.","label":2}
{"text":"Forcing the exchange of PECs is of no avail, for after MOV PLY occupies the g file first and wins easily: MOV followed by mate or loss of the PEC.","label":2}
{"text":"MOV was indicated; it threatens the break-up of the PLY PECs by MOV and their capture by the PEC.","label":2}
{"text":"To be considered are the moves MOV MOV and MOV. MOV is preferred nowadays to MOV as MOV should be kept free for the PEC in case the latter is driven from his dominating position, e.g. MOV and MOV","label":2}
{"text":"e.g. MOV","label":1}
{"text":"He could not attack the PECs, nor would any kind of manoeuvres force a passed PEC through.","label":0}
{"text":"On the other hand he cannot now maintain his PEC at LOC as he has blocked his PEC.","label":0}
{"text":"MOV","label":1}
{"text":"MOV compare Diagram 12.","label":1}
{"text":"The position in the diagram therefore leads to the following variations: A. MOV","label":1}
{"text":"In this particular case PLY could have made the position secure by obtaining the ideal position of MOV MOV MOV for his PECs earlier, before the PLY PECs could advance so far.","label":2}
{"text":"To convert it into a win by queening the extra PEC is only a matter of time.","label":2}
{"text":"If now PLY answers MOV PLY simply plays MOV and the PEC at LOC is lost very soon.","label":0}
{"text":"There only remains the PEC and the PEC for an immediate attack, whilst the PLY PEC will soon get into effective action on the open PEC's file, e.g. MOV followed by the doubling of the PECs on the g file.","label":3}
{"text":"MOV PLY covers his PEC, and thereby threatens to win a PEC by MOV.","label":2}
{"text":"If PLY were to play MOV at once, PLY could play MOV with an attack on the PEC's PEC.","label":3}
{"text":"A developing move can be interpolated, e.g. MOV","label":2}
{"text":"Now PLY would win with MOV because after MOV the a PEC queens unmolested.","label":2}
{"text":"MOV Resigns (compare Diagram 68)","label":3}
{"text":"MOV Now at last PLY has obtained material gain, which was made possible by his command of the open PEC file.","label":2}
{"text":"For: MOV threatens to take the PECs PEC.","label":2}
{"text":"Furthermore the PLY PEC has less mobility than the PLY one, and finally the PLY PEC is tied to his MOV to prevent PLY's entry at LOC or MOV","label":2}
{"text":"After exchanging the PEC and one PEC, the possession of the PECs file ensures the advance of the PEC to LOC and from there to LOC.","label":2}
{"text":"In end-games of PEC V. PEC, of which we have already had an example in Diagram 70, an extra PEC wins in most cases if the PECs are of the same colour.","label":2}
{"text":"PLY needs ten moves in order to PEC on the PECs side, namely, five to capture the PLY PECs side PECs (MOV, MOV MOV MOV MOV one to free the way for his PEC, and four moves with the PEC.","label":3}
{"text":"The position which ensues in the centre after MOV divides the board diagonally, and it is easy to recognise roughly the main lines of play which will govern the game.","label":1}
{"text":"MOV and so on (compare Diagram 57).","label":1}
{"text":"For instance, Diagram 46: MOV {or R2}; MOV and PLY is stalemate unless the PEC leaves the eighth Rank.","label":0}
{"text":"A certain compensation lies in the fact that PLY's attacking PECs PEC has been exchanged.","label":3}
{"text":"MOV (Diagram 50).","label":1}
{"text":"I shall first turn my attention to those games in which PLY plays MOV starting with the French Defence, after which the Caro-Kann Defence will be easily understood.","label":1}
{"text":"PLY has no time to double PECs, because if he does so, after his MOV PLY would play the PEC away from his file and allow the PEC to escape.","label":0}
{"text":"MOV and wins.","label":2}
{"text":"MOV PLY must try to develop his PECs PEC at last.","label":2}
{"text":"In no case should PLY forfeit his chance of playing MOV","label":2}
{"text":"Here a peculiar mating threat, which occurs not infrequently in practical play, keeps the PLY PEC tied to her MOV and unavailable for the protection of the PEC at LOC.","label":3}
{"text":"MOV followed by MOV) MOV","label":1}
{"text":"After MOV the third of the typical main positions in the PECs gambit ensues, and is given in Diagram 39.","label":1}
{"text":"For if in that case PLY exchanges the PECs, he only furthers PLY's development without doing anything towards strengthening his MOV","label":0}
{"text":"We conclude now that PLY cannot hold his PEC at LOC.","label":0}
{"text":"Any other way would allow PLY to assume the opposition and to force the draw, e.g. MOV!} MOV etc.","label":2}
{"text":"The PEC in particular cannot be brought into action without great difficulty, for instance by: MOV MOV MOV and MOV.","label":0}
{"text":"For instance, in Diagram 64, if PLY had a PEC at LOC instead of MOV PLY would have no winning chances.","label":2}
{"text":"A. We have already come to the conclusion that after MOV PLY does well to try to force the exchange of PLY's centre PEC on MOV or MOV and that PLY will try to counteract this, unless by allowing the exchange he gets a chance of exerting pressure in the centre by means of his pieces.","label":3}
{"text":"This forces the PEC to move twice, and PLY regains the move he lost in his development, when he played MOV.","label":3}
{"text":"PLY has an extra PEC on the PECs side.","label":1}
{"text":"Another possible subtlety in PLY's sequence of developing moves would be to withhold the advance of his e PEC until PLY has played MOV and then to play the PEC to LOC.","label":0}
{"text":"PLY has succeeded in eliminating the PLY centre PEC, and sweeps long diagonals with his PECs, but the advantage cannot be maintained.","label":3}
{"text":"Compared with the position considered above, which occurs after MOV PLY has the further advantage of maintaining his PEC, which makes it possible to push the weak f PEC on to his fourth, and either exchange it or push it still further to LOC, a useful and secure position.","label":2}
{"text":"An opening in which a PEC sacrifice is offered, is called a \"gambit\"; MOV is therefore a gambit.","label":1}
{"text":"The following line of play would fulfil this condition: MOV PLY thereby abandons the gambit PEC.","label":2}
{"text":"Therefore, if in the above example the PLY PEC was standing at LOC, PLY would win as follows: MOV = PEC MOV.","label":2}
{"text":"For instance, a PECs gambit may well have the following opening moves: MOV or a French defence these: MOV There are, of course, systems of opening which deviate absolutely from those which have been proved sound and are in general use, and it is those openings that puzzle the beginner most of all.","label":3}
{"text":"MOV","label":1}
{"text":"On the other hand, it cannot be denied that PLY's PEC formation on the d side is weak, and that his centre is less secure.","label":0}
{"text":"In practical play it has nevertheless been shown that PLY's attack is more likely to succeed, and for this reason a variation introduced by Niemzowitsch has been tried several times; it aims at the exchange of Queens in order to weaken and retard PLY's threatened attack, and to gain time for PECs side operations.","label":3}
{"text":"A perceptible advantage, however, lies in the fact that PLY cannot bring about a \"forced move\" position, as PLY has the move MOV in reserve.","label":0}
{"text":"For, as I have already remarked, the objection to developing PLY's PECs PEC lies in PLY's threat to attack PLY's b PEC with MOV.","label":3}
{"text":"In the meantime PLY would have taken the c PEC and come back to the d file.","label":1}
{"text":"PLY with the move cannot win, as he cannot bring about the same position with PLY to move.","label":0}
{"text":"That possibility disappears after MOV","label":1}
{"text":"PLY would take up a position on the PEC's file with the PEC, and push on the PEC's PEC.","label":2}
{"text":"In the position set out in Diagram 19, PLY cannot play MOV because PLY wins a PEC by MOV without hindering his own development in the least.","label":0}
{"text":"MOV","label":1}
{"text":"With regard to the second irregular reply to MOV namely, MOV two ways are open to PLY.","label":1}
{"text":"PLY therefore manoeuvres his PEC first in such a way that the square at his MOV is only reached when the PLY PEC is at LOC.","label":2}
{"text":"MOV PLY can now settle his PEC at LOC and initiate a violent PECs side attack after castling, by LOC MOV which could be continued with MOV MOV, MOV, and so on.","label":2}
{"text":"PLY can open up the diagonal by playing MOV after castling, nor would it really imply the loss of a move to have played the PEC twice, since PLY must move his PEC again from LOC, where she has no future.","label":2}
{"text":"MOV PLY is condemned to inactivity, and PLY can quietly set to work to force his PEC through.","label":0}
{"text":"MOV would be a mistake on account of MOV, but the a PEC cannot escape.","label":0}
{"text":"The opening might continue in this way: MOV (to make room for the PEC MOV (Diagram 25).","label":2}
{"text":"MOV and PLY is stalemated.","label":1}
{"text":"For the PEC at LOC reduces the mobility of the PLY PEC, in so far as the latter must at all times be ready to reach the queening square in as few moves as the PEC, or else the PEC would PEC unmolested.","label":3}
{"text":"Only PLY can hardly attack PLY's centre with MOV since the PEC at LOC would be weak in the absence of the PECs PEC.","label":2}
{"text":"Therefore MOV must be played first, and after MOV MOV all the pieces have found rational development.","label":2}
{"text":"Capablanca believes that the early advance of MOV can be refuted by MOV e.g. MOV or MOV.","label":1}
{"text":"This move would win the game, if the PECs had been exchanged, because in that case the distant passed PEC which PLY could obtain on the b file would decide the issue.","label":3}
{"text":"PLY's MOV the basis of his centre, is entirely in his hands, whilst PLY's MOV is exposed to a steady pressure by the PLY pieces.","label":3}
{"text":"And this pressure threatens to be reinforced by MOV.","label":2}
{"text":"This he can do by playing MOV e.g.: MOV or MOV Here PLY can get an early advantage by attacking PLY's e PEC taking possession of the e file after castling on the PEC side.","label":2}
{"text":"His entry on the seventh can only achieve something if PLY's c PEC can be deprived of its support.","label":2}
{"text":"In any case MOV would have had the same effect, and developed a piece at the same time.","label":2}
{"text":"Furthermore, PLY has relinquished the square MOV and made MOV the basis of operations.","label":1}
{"text":"MOV We see: PLY has just assumed the opposition, but the PEC has not yet crossed to his sixth square, and PLY, by playing MOV again forces PLY to give up the opposition.","label":3}
{"text":"MOV PLY naturally dare not allow the PEC to penetrate into the seventh.","label":3}
{"text":"MOV","label":1}
{"text":"The game is much more favourable for PLY if he first plays MOV and retains the option of driving the PLY PEC away by MOV after which MOV can be enforced very soon.","label":2}
{"text":"In order to develop other pieces as well, it is necessary to move PECs first, and such PEC moves will be best as give an outlet to as many pieces as possible.","label":2}
{"text":"It may easily lead to the loss of a game, as the mobility of the PEC or a piece is reduced by having to protect the PEC (compare End-game, p. 102).","label":0}
{"text":"The second is to play MOV PLY will then develop his PECs side with MOV and MOV.","label":2}
{"text":"This is now necessary, because the square MOV is weak after MOV and the PLY PEC threatens to win the PEC's PEC eventually with a check at LOC.","label":3}
{"text":"Superficially the difference between MOV and MOV is that in the first case the PEC thus advanced is covered, while in the second it is not.","label":2}
{"text":"PLY's intention of exerting pressure on the e PEC is now difficult of execution, because his pieces are very cramped and hinder one another in a restricted area.","label":0}
{"text":"In Diagram 80 PLY can still draw, for in five moves the PEC reaches MOV supported by the PEC at LOC, and in that time PLY cannot come up with his PEC, so that he must give up the PEC for the PEC.","label":3}
{"text":"If MOV the PEC is lost, or alternatively the PEC queens.","label":3}
{"text":"Meanwhile PLY gains time for concentrating his forces for an attack which wins the PECs PEC.","label":2}
{"text":"And this pressure threatens to be reinforced by MOV.","label":2}
{"text":"Just one example: If PLY plays MOV (Sicilian defence), PLY will not play his PECs PEC to LOC because PLY can reply LOC and gain a move by MOV","label":0}
