sent_type,seed,model,micro_f1_score,weighted_f1_score
original,0,ALBERT base,0.61,0.54
original,0,ALBERT large,0.52,0.43
original,0,DistilBERT base cased,0.56,0.55
original,0,DistilBERT base uncased,0.65,0.64
original,0,DistilRoBERTa base,0.62,0.6
original,0,BERT base cased,0.55,0.5
original,0,BERT base uncased,0.61,0.55
original,0,BERT large cased,0.57,0.58
original,0,BERT large cased whole word masking,0.47,0.46
original,0,BERT large uncased,0.66,0.59
original,0,BERT large uncased whole word masking,0.64,0.61
original,0,RoBERTa base,0.65,0.6
original,0,RoBERTa large,0.59,0.59
original,0,XLNet base cased,0.52,0.53
original,0,XLNet large cased,0.52,0.42
original,42,ALBERT base,0.52,0.51
original,42,ALBERT large,0.59,0.54
original,42,DistilBERT base cased,0.67,0.66
original,42,DistilBERT base uncased,0.57,0.57
original,42,DistilRoBERTa base,0.68,0.67
original,42,BERT base cased,0.57,0.57
original,42,BERT base uncased,0.6,0.6
original,42,BERT large cased,0.61,0.6
original,42,BERT large cased whole word masking,0.66,0.64
original,42,BERT large uncased,0.57,0.57
original,42,BERT large uncased whole word masking,0.6,0.61
original,42,RoBERTa base,0.7,0.68
original,42,RoBERTa large,0.62,0.6
original,42,XLNet base cased,0.54,0.55
original,42,XLNet large cased,0.44,0.27
masked,0,ALBERT base,0.59,0.54
masked,0,ALBERT large,0.55,0.45
masked,0,DistilBERT base cased,0.6,0.58
masked,0,DistilBERT base uncased,0.62,0.62
masked,0,DistilRoBERTa base,0.62,0.61
masked,0,BERT base cased,0.58,0.54
masked,0,BERT base uncased,0.59,0.56
masked,0,BERT large cased,0.53,0.44
masked,0,BERT large cased whole word masking,0.58,0.59
masked,0,BERT large uncased,0.57,0.58
masked,0,BERT large uncased whole word masking,0.61,0.59
masked,0,RoBERTa base,0.68,0.69
masked,0,RoBERTa large,0.55,0.53
masked,0,XLNet base cased,0.58,0.59
masked,0,XLNet large cased,0.59,0.59
masked,42,ALBERT base,0.59,0.57
masked,42,ALBERT large,0.55,0.49
masked,42,DistilBERT base cased,0.58,0.55
masked,42,DistilBERT base uncased,0.54,0.53
masked,42,DistilRoBERTa base,0.61,0.55
masked,42,BERT base cased,0.62,0.62
masked,42,BERT base uncased,0.55,0.54
masked,42,BERT large cased,0.59,0.57
masked,42,BERT large cased whole word masking,0.58,0.6
masked,42,BERT large uncased,0.62,0.55
masked,42,BERT large uncased whole word masking,0.51,0.51
masked,42,RoBERTa base,0.59,0.59
masked,42,RoBERTa large,0.48,0.38
masked,42,XLNet base cased,0.63,0.63
masked,42,XLNet large cased,0.44,0.27
synthetic,0,ALBERT base,0.51,0.51
synthetic,0,ALBERT large,0.55,0.45
synthetic,0,DistilBERT base cased,0.51,0.52
synthetic,0,DistilBERT base uncased,0.47,0.48
synthetic,0,DistilRoBERTa base,0.52,0.52
synthetic,0,BERT base cased,0.47,0.48
synthetic,0,BERT base uncased,0.5,0.5
synthetic,0,BERT large cased,0.44,0.27
synthetic,0,BERT large cased whole word masking,0.48,0.5
synthetic,0,BERT large uncased,0.44,0.27
synthetic,0,BERT large uncased whole word masking,0.44,0.27
synthetic,0,RoBERTa base,0.47,0.48
synthetic,0,RoBERTa large,0.44,0.27
synthetic,0,XLNet base cased,0.51,0.52
synthetic,0,XLNet large cased,0.44,0.27
synthetic,42,ALBERT base,0.44,0.45
synthetic,42,ALBERT large,0.5,0.4
synthetic,42,DistilBERT base cased,0.53,0.53
synthetic,42,DistilBERT base uncased,0.52,0.52
synthetic,42,DistilRoBERTa base,0.52,0.52
synthetic,42,BERT base cased,0.47,0.48
synthetic,42,BERT base uncased,0.47,0.46
synthetic,42,BERT large cased,0.53,0.54
synthetic,42,BERT large cased whole word masking,0.51,0.53
synthetic,42,BERT large uncased,0.44,0.27
synthetic,42,BERT large uncased whole word masking,0.48,0.48
synthetic,42,RoBERTa base,0.48,0.49
synthetic,42,RoBERTa large,0.44,0.27
synthetic,42,XLNet base cased,0.5,0.52
synthetic,42,XLNet large cased,0.52,0.4
balanced,0,ALBERT base,0.48,0.49
balanced,0,ALBERT large,0.52,0.55
balanced,0,DistilBERT base cased,0.7,0.69
balanced,0,DistilBERT base uncased,0.6,0.62
balanced,0,DistilRoBERTa base,0.6,0.61
balanced,0,BERT base cased,0.66,0.66
balanced,0,BERT base uncased,0.63,0.63
balanced,0,BERT large cased,0.61,0.6
balanced,0,BERT large cased whole word masking,0.62,0.62
balanced,0,BERT large uncased,0.59,0.61
balanced,0,BERT large uncased whole word masking,0.12,0.03
balanced,0,RoBERTa base,0.65,0.66
balanced,0,RoBERTa large,0.19,0.06
balanced,0,XLNet base cased,0.52,0.52
balanced,0,XLNet large cased,0.25,0.1
balanced,42,ALBERT base,0.64,0.64
balanced,42,ALBERT large,0.45,0.44
balanced,42,DistilBERT base cased,0.55,0.55
balanced,42,DistilBERT base uncased,0.66,0.67
balanced,42,DistilRoBERTa base,0.69,0.68
balanced,42,BERT base cased,0.62,0.63
balanced,42,BERT base uncased,0.56,0.56
balanced,42,BERT large cased,0.61,0.6
balanced,42,BERT large cased whole word masking,0.46,0.38
balanced,42,BERT large uncased,0.6,0.61
balanced,42,BERT large uncased whole word masking,0.64,0.65
balanced,42,RoBERTa base,0.62,0.63
balanced,42,RoBERTa large,0.63,0.64
balanced,42,XLNet base cased,0.52,0.53
balanced,42,XLNet large cased,0.61,0.63
oversampled,0,ALBERT base,0.62,0.62
oversampled,0,ALBERT large,0.48,0.5
oversampled,0,DistilBERT base cased,0.55,0.56
oversampled,0,DistilBERT base uncased,0.62,0.62
oversampled,0,DistilRoBERTa base,0.6,0.61
oversampled,0,BERT base cased,0.54,0.55
oversampled,0,BERT base uncased,0.63,0.63
oversampled,0,BERT large cased,0.64,0.63
oversampled,0,BERT large cased whole word masking,0.6,0.61
oversampled,0,BERT large uncased,0.56,0.56
oversampled,0,BERT large uncased whole word masking,0.12,0.03
oversampled,0,RoBERTa base,0.6,0.6
oversampled,0,RoBERTa large,0.55,0.55
oversampled,0,XLNet base cased,0.59,0.6
oversampled,0,XLNet large cased,0.43,0.39
oversampled,42,ALBERT base,0.52,0.52
oversampled,42,ALBERT large,0.27,0.17
oversampled,42,DistilBERT base cased,0.55,0.55
oversampled,42,DistilBERT base uncased,0.52,0.53
oversampled,42,DistilRoBERTa base,0.57,0.58
oversampled,42,BERT base cased,0.59,0.58
oversampled,42,BERT base uncased,0.56,0.55
oversampled,42,BERT large cased,0.57,0.57
oversampled,42,BERT large cased whole word masking,0.6,0.58
oversampled,42,BERT large uncased,0.32,0.26
oversampled,42,BERT large uncased whole word masking,0.59,0.58
oversampled,42,RoBERTa base,0.63,0.63
oversampled,42,RoBERTa large,0.44,0.42
oversampled,42,XLNet base cased,0.58,0.57
oversampled,42,XLNet large cased,0.23,0.15